name,role,lat,lon,x_scene_m,y_scene_m,plot_z_m
bs0,tx,39.478767000,-0.338442000,90.904,-226.314,15.000
ue0,rx,39.478969000,-0.338744000,64.956,-203.827,1.160
ue1,rx,39.478986000,-0.338719000,67.104,-201.934,1.000
ue2,rx,39.478967000,-0.338736000,65.644,-204.050,1.160
ue3,rx,39.478983000,-0.338708000,68.049,-202.268,1.000
ue4,rx,39.478961000,-0.338775000,62.293,-204.717,1.160
ue5,rx,39.478986000,-0.338778000,62.035,-201.934,1.000
ue6,rx,39.478961000,-0.338775000,62.293,-204.717,1.160
ue7,rx,39.478986000,-0.338778000,62.035,-201.934,1.000
ue8,rx,39.478922000,-0.338842000,56.536,-209.059,1.160
ue9,rx,39.478886000,-0.338886000,52.755,-213.066,1.000
