mesh,category,vertices,faces,x_min,x_max,y_min,y_max,z_min,z_max
map_osm_areas_park,park,3031,5696,176.772,377.521,-343.740,-195.905,0.000,0.000
map_osm_areas_pedestrian,path,4,2,-87.898,-36.113,-147.799,-121.605,0.000,0.000
map_osm_buildings-roof,roof,1857,1510,-489.977,462.508,-424.325,439.691,3.000,24.000
map_osm_buildings-wall,building,3191,3830,-489.977,462.508,-424.325,439.691,0.000,24.000
map_osm_forest,vegetation,24,34,194.562,279.844,194.724,242.603,0.000,0.500
map_osm_paths_cycleway,path,857,775,-945.135,577.275,-482.825,280.701,0.300,0.300
map_osm_paths_footway,path,1790,1669,-547.778,491.899,-520.167,456.724,0.300,0.300
map_osm_paths_steps,path,30,22,-313.687,-217.996,81.123,266.696,0.300,0.300
map_osm_roads_pedestrian,road,414,424,-507.120,415.462,-337.130,197.295,0.300,0.300
map_osm_roads_primary,road,150,146,-489.982,505.079,-507.696,-89.495,0.300,0.300
map_osm_roads_residential,road,180,184,-96.906,420.549,-718.624,330.786,0.300,0.300
map_osm_roads_secondary,road,16,14,-392.456,-378.725,-162.461,-139.875,0.300,0.300
map_osm_roads_service,road,1150,1146,-559.667,572.763,-514.733,363.269,0.300,0.300
map_osm_roads_tertiary,road,74,72,-687.840,94.889,316.663,466.386,0.300,0.300
map_osm_roads_track,road,160,144,-172.764,462.554,78.269,451.525,0.300,0.300
map_osm_roads_unclassified,road,41,39,92.717,448.659,340.441,570.163,0.300,0.300
map_osm_vegetation,vegetation,2008,2780,-403.846,403.846,-378.476,324.185,0.000,0.500
Plane,ground,4,2,-700.000,700.000,-699.989,700.011,-0.800,-0.800
