gml_id,floors,height_m,vertices,utm_min_x,utm_min_y,utm_max_x,utm_max_y
ES.SDGC.BU.000900500YJ27D_part1,2,6.0,9,728645.65165,4373885.20925,728655.70485,4373891.32935
ES.SDGC.BU.000900500YJ27D_part2,1,3.0,8,728658.37475,4373881.15645,728662.70765,4373889.15595
ES.SDGC.BU.000900500YJ27D_part3,1,3.0,5,728648.67065,4373880.94925,728656.86705,4373885.54785
ES.SDGC.BU.000900500YJ27D_part4,1,3.0,8,728662.38215,4373881.2473,728667.65425,4373890.7281
ES.SDGC.BU.000900600YJ27D_part1,2,6.0,9,728645.98495,4373890.91745,728656.016,4373898.11125
ES.SDGC.BU.000900600YJ27D_part2,1,3.0,11,728655.62015,4373888.9976,728663.0657,4373897.7412
ES.SDGC.BU.001001800YJ27D_part1,3,9.0,13,729134.263,4373896.5519,729153.3179,4373915.736
ES.SDGC.BU.001001800YJ27D_part3,4,12.0,4,729140.742,4373897.436,729144.2115,4373902.322
ES.SDGC.BU.001001900YJ27D_part3,2,6.0,5,729158.8915,4373899.091,729170.151,4373908.611
ES.SDGC.BU.001002100YJ27D_part1,1,3.0,4,728938.057,4373892.059,728943.3965,4373896.749
ES.SDGC.BU.001002200YJ27D_part1,1,3.0,7,728924.197,4373881.349,728943.3865,4373892.319
ES.SDGC.BU.001002300YJ27D_part1,1,3.0,6,728931.887,4373865.809,728942.9665,4373882.049
ES.SDGC.BU.001002300YJ27D_part2,2,6.0,4,728923.487,4373875.929,728932.467,4373882.869
ES.SDGC.BU.001002400YJ27D_part1,1,3.0,9,729015.245,4373878.1695,729028.9845,4373886.3195
ES.SDGC.BU.001002400YJ27D_part2,1,3.0,4,729020.475,4373888.9895,729028.4145,4373893.0995
ES.SDGC.BU.001002400YJ27D_part3,2,6.0,12,729013.885,4373885.6995,729030.7545,4373902.6795
ES.SDGC.BU.001002500YJ27D_part1,1,3.0,4,729103.8825,4373872.0705,729112.5225,4373877.7005
ES.SDGC.BU.001002500YJ27D_part2,2,6.0,4,729091.703,4373862.6605,729103.8825,4373874.7305
ES.SDGC.BU.001002600YJ27D_part2,2,6.0,5,729240.7895,4373836.372,729256.659,4373848.532
ES.SDGC.BU.001500200YJ27D_part1,1,3.0,7,729217.8495,4373726.7825,729228.389,4373731.5825
ES.SDGC.BU.001500200YJ27D_part2,2,6.0,4,729217.9895,4373730.8925,729228.629,4373735.0125
ES.SDGC.BU.001500300YJ27D_part1,2,6.0,4,728996.6745,4373721.2405,729007.6345,4373730.4405
ES.SDGC.BU.001500400YJ27D_part1,1,3.0,8,728970.0455,4373707.9705,728985.315,4373721.1005
ES.SDGC.BU.001500400YJ27D_part2,1,3.0,9,728980.145,4373717.3905,728990.795,4373730.6105
ES.SDGC.BU.001500400YJ27D_part3,1,3.0,7,728987.885,4373702.7005,728997.3845,4373709.9305
ES.SDGC.BU.001500400YJ27D_part4,3,9.0,5,728977.595,4373711.6505,728987.955,4373720.9805
ES.SDGC.BU.001500500YJ27D_part1,1,3.0,6,728987.955,4373713.1605,728997.5745,4373724.0705
ES.SDGC.BU.001500500YJ27D_part2,1,3.0,4,728998.3045,4373710.7805,729005.4745,4373718.9005
ES.SDGC.BU.001500500YJ27D_part3,2,6.0,5,728985.315,4373707.5805,728997.1445,4373717.3905
ES.SDGC.BU.001500600YJ27D_part1,1,3.0,4,729006.3345,4373718.9305,729011.5245,4373724.0005
ES.SDGC.BU.001500600YJ27D_part2,1,3.0,4,729003.9545,4373704.8097,729014.024,4373711.1205
ES.SDGC.BU.001500600YJ27D_part3,1,3.0,5,728997.5245,4373699.1005,729003.9545,4373708.5805
ES.SDGC.BU.001500600YJ27D_part4,2,6.0,5,728999.4745,4373691.261,729012.8607,4373707.7805
ES.SDGC.BU.001500600YJ27D_part5,2,6.0,5,729011.2745,4373706.371,729025.554,4373715.4805
ES.SDGC.BU.001500700YJ27D_part1,1,3.0,4,729130.1915,4373661.892,729147.261,4373680.272
ES.SDGC.BU.001500700YJ27D_part2,2,6.0,4,729112.2415,4373656.882,729133.141,4373677.272
ES.SDGC.BU.001500700YJ27D_part3,2,6.0,5,729144.501,4373665.892,729154.6605,4373682.112
ES.SDGC.BU.001500700YJ27D_part4,1,3.0,12,729102.492,4373694.6815,729146.361,4373725.092
ES.SDGC.BU.001500800YJ27D_part1,1,3.0,14,729153.131,4373680.492,729179.19,4373705.562
ES.SDGC.BU.001500800YJ27D_part2,2,6.0,14,729156.6905,4373670.162,729174.27,4373695.372
ES.SDGC.BU.001500800YJ27D_part3,1,3.0,6,729165.1005,4373671.7125,729174.52,4373681.9125
ES.SDGC.BU.001500800YJ27D_part4,1,3.0,5,729149.261,4373713.152,729182.56,4373733.552
ES.SDGC.BU.001500900YJ27D_part1,1,3.0,4,729230.849,4373683.133,729234.169,4373685.913
ES.SDGC.BU.001500900YJ27D_part2,1,3.0,6,729241.3385,4373681.743,729245.7685,4373683.823
ES.SDGC.BU.001500900YJ27D_part4,2,6.0,10,729230.009,4373683.203,729243.2185,4373699.8525
ES.SDGC.BU.001501100YJ27D_part1,1,3.0,4,729214.849,4373656.133,729226.009,4373658.683
ES.SDGC.BU.001501100YJ27D_part2,1,3.0,6,729214.959,4373663.203,729226.299,4373676.2325
ES.SDGC.BU.001501100YJ27D_part3,2,6.0,4,729214.889,4373658.663,729226.119,4373663.263
ES.SDGC.BU.001501100YJ27D_part4,2,6.0,4,729218.709,4373670.243,729226.449,4373676.1725
ES.SDGC.BU.001501200YJ27D_part1,1,3.0,8,729155.1005,4373647.7925,729162.9705,4373666.0925
ES.SDGC.BU.001501200YJ27D_part2,1,3.0,5,729160.3705,4373626.9625,729177.74,4373648.8025
ES.SDGC.BU.001501200YJ27D_part3,1,3.0,4,729165.9105,4373653.2025,729173.7,4373657.6925
ES.SDGC.BU.001501200YJ27D_part4,2,6.0,5,729159.5605,4373655.4425,729173.19,4373668.6025
ES.SDGC.BU.001501300YJ27D_part1,1,3.0,8,729058.803,4373643.9615,729077.4325,4373660.3015
ES.SDGC.BU.001501300YJ27D_part2,2,6.0,4,729071.4425,4373644.9515,729079.7925,4373658.2015
ES.SDGC.BU.001501400YJ27D_part1,1,3.0,6,729236.7285,4373618.7635,729241.3285,4373627.713
ES.SDGC.BU.001501400YJ27D_part3,2,6.0,6,729241.0785,4373625.3335,729251.208,4373639.443
ES.SDGC.BU.001501600YJ27D_part1,2,6.0,13,729231.4885,4373604.5605,729248.188,4373613.683
ES.SDGC.BU.001501600YJ27D_part2,1,3.0,4,729235.4185,4373608.7795,729239.8785,4373613.3735
ES.SDGC.BU.001501700YJ27D_part1,1,3.0,7,729231.0085,4373599.464,729245.7325,4373605.3535
ES.SDGC.BU.001501800YJ27D_part1,2,6.0,5,729230.6405,4373595.7335,729241.1985,4373600.8535
ES.SDGC.BU.001502600YJ27D_part1,1,3.0,4,729138.311,4373624.8925,729159.831,4373655.5225
ES.SDGC.BU.46900A02700081_part1,2,6.0,6,728746.9595,4373882.24565,728758.9595,4373898.64565
ES.SDGC.BU.46900A02700081_part2,1,3.0,4,728749.0095,4373875.47565,728755.2595,4373879.47565
ES.SDGC.BU.46900A02700081_part3,1,3.0,7,728758.9595,4373887.78565,728762.2656,4373893.10565
ES.SDGC.BU.46900A02700081_part4,1,3.0,4,728784.6791,4373897.2589,728790.6498,4373902.7589
ES.SDGC.BU.8634301YJ2783D_part1,8,24.0,6,728453.289283558,4373289.0418203,728461.139093864,4373297.59167336
ES.SDGC.BU.8634301YJ2783D_part2,1,3.0,7,728459.088623591,4373305.40200665,728464.388577929,4373309.52185432
ES.SDGC.BU.8634301YJ2783D_part3,1,3.0,9,728498.618859615,4373272.56502012,728516.677984376,4373290.77414739
ES.SDGC.BU.8634301YJ2783D_part4,1,3.0,9,728473.949015128,4373280.8235107,728492.248640304,4373299.08313048
ES.SDGC.BU.8634301YJ2783D_part5,1,3.0,7,728483.408463077,4373297.16351816,728488.798419905,4373301.27336624
ES.SDGC.BU.8634301YJ2783D_part6,1,3.0,7,728532.228148295,4373280.61604698,728537.617605538,4373284.775893
ES.SDGC.BU.8634301YJ2783D_part7,8,24.0,6,728550.678153994,4373256.03736093,728558.677954339,4373264.70671316
ES.SDGC.BU.8634301YJ2783D_part8,1,3.0,7,728556.647490707,4373272.39705807,728562.02744795,4373276.50690574
ES.SDGC.BU.8634301YJ2783D_part9,6,18.0,18,728435.229966619,4373241.71783744,728569.608117175,4373294.04120808
ES.SDGC.BU.8634301YJ2783D_part10,7,21.0,10,728556.398234492,4373246.81790922,728577.527147565,4373273.67780504
ES.SDGC.BU.8634301YJ2783D_part11,1,3.0,9,728449.449671907,4373288.97200251,728467.988807045,4373307.06161277
ES.SDGC.BU.8634301YJ2783D_part12,7,21.0,10,728459.049364491,4373282.74309107,728479.938278789,4373306.71225029
ES.SDGC.BU.8634301YJ2783D_part13,7,21.0,10,728483.119203562,4373274.46410382,728504.408122446,4373298.53375475
ES.SDGC.BU.8634301YJ2783D_part14,8,24.0,6,728502.018969606,4373272.59433336,728509.778774932,4373281.08419762
ES.SDGC.BU.8634301YJ2783D_part15,8,24.0,6,728526.258810337,4373264.35584236,728534.138114002,4373272.94570333
ES.SDGC.BU.8634301YJ2783D_part16,7,21.0,10,728531.858389195,4373257.97662351,728552.987804344,4373282.01628107
ES.SDGC.BU.8634301YJ2783D_part17,1,3.0,9,728547.118541098,4373255.96755643,728565.68767497,4373274.29666253
ES.SDGC.BU.8634301YJ2783D_part18,7,21.0,11,728437.009748291,4373289.79114666,728455.538936398,4373314.99123006
ES.SDGC.BU.8634301YJ2783D_part19,8,24.0,6,728477.619125949,4373280.87331936,728485.278936255,4373289.18317615
ES.SDGC.BU.8634301YJ2783D_part20,1,3.0,9,728522.758695781,4373264.26603329,728541.037827598,4373282.51565724
ES.SDGC.BU.8634301YJ2783D_part21,7,21.0,10,728507.54904722,4373266.25560994,728528.807964837,4373290.25477039
ES.SDGC.BU.8634301YJ2783D_part22,1,3.0,7,728507.838305904,4373288.89453216,728513.228263147,4373293.00438024
ES.SDGC.BU.8634901YJ2783D_part1,7,21.0,4,728474.293365331,4373164.83763219,728486.252805701,4373173.21728868
ES.SDGC.BU.8634901YJ2783D_part2,7,21.0,4,728491.300737239,4373217.33832772,728503.30067477,4373225.68797973
ES.SDGC.BU.8634901YJ2783D_part3,7,21.0,4,728493.153124887,4373158.52888615,728504.732559153,4373166.80805805
ES.SDGC.BU.8634901YJ2783D_part4,7,21.0,4,728472.730987438,4373223.62755916,728484.360921298,4373231.84672252
ES.SDGC.BU.8634901YJ2783D_part5,4,12.0,10,728395.86480539,4373124.20040984,728533.052592548,4373188.11404498
ES.SDGC.BU.8634901YJ2783D_part6,7,21.0,4,728453.86123356,4373229.9062906,728465.33066663,4373238.10595275
ES.SDGC.BU.8634901YJ2783D_part7,7,21.0,4,728455.40360537,4373171.24686485,728467.313046146,4373179.61652213
ES.SDGC.BU.8634901YJ2783D_part8,6,18.0,32,728419.631944025,4373194.36023101,728558.46952107,4373258.30424982
ES.SDGC.BU.8634901YJ2783D_part9,7,21.0,4,728511.692879961,4373152.17964498,728523.502316681,4373160.56930674
ES.SDGC.BU.8634901YJ2783D_part10,7,21.0,4,728435.231482947,4373236.05553946,728446.870919647,4373244.19470447
ES.SDGC.BU.8634901YJ2783D_part11,7,21.0,4,728510.260492334,4373211.11908817,728521.990424592,4373219.44874666
ES.SDGC.BU.8634901YJ2783D_part12,7,21.0,4,728417.833588713,4373183.90485166,728429.913533138,4373192.27450326
ES.SDGC.BU.8634901YJ2783D_part13,4,12.0,10,728425.721214381,4373209.05081055,728563.128962177,4373272.34444203
ES.SDGC.BU.8634901YJ2783D_part14,7,21.0,4,728529.020244974,4373204.87035227,728540.800176421,4373213.29000468
ES.SDGC.BU.8634901YJ2783D_part15,6,18.0,36,728400.574252601,4373138.03010287,728539.301856009,4373202.72463872
ES.SDGC.BU.8634901YJ2783D_part16,7,21.0,4,728437.003352324,4373177.56561008,728448.613289855,4373185.84527466
ES.SDGC.BU.8733601YJ2783D_part1,3,9.0,8,728640.590275668,4373154.07871444,728661.7198109,4373178.58873049
ES.SDGC.BU.8733601YJ2783D_part3,2,6.0,4,728649.680222003,4373124.93916182,728680.739221163,4373143.89921771
ES.SDGC.BU.8733601YJ2783D_part5,1,3.0,8,728673.569784091,4373123.02959426,728724.258309336,4373187.33915172
ES.SDGC.BU.8733601YJ2783D_part6,3,9.0,8,728624.230666588,4373105.46925083,728644.560200846,4373130.32876756
ES.SDGC.BU.8733601YJ2783D_part7,4,12.0,6,728654.430266224,4373143.4991433,728688.689260868,4373162.56870795
ES.SDGC.BU.8733601YJ2783D_part8,7,21.0,4,728678.949196147,4373122.24915215,728685.779220755,4373135.02914988
ES.SDGC.BU.8733601YJ2783D_part9,4,12.0,6,728641.780181777,4373106.11917222,728675.919177305,4373125.27923685
ES.SDGC.BU.8733601YJ2783D_part10,1,3.0,4,728645.370291832,4373162.44871483,728655.670295395,4373170.00873133
ES.SDGC.BU.8733601YJ2783D_part11,8,24.0,22,728638.470205409,4373092.96966575,728699.149281844,4373163.26912918
ES.SDGC.BU.8733601YJ2783D_part12,1,3.0,18,728599.881139574,4373084.00924463,728676.589845929,4373203.14875787
ES.SDGC.BU.8734701YJ2783D_part1,7,21.0,10,728717.626271356,4373192.30625606,728738.655178472,4373219.17615802
ES.SDGC.BU.8734701YJ2783D_part2,8,24.0,6,728712.186194781,4373201.60570444,728719.896002482,4373209.95556726
ES.SDGC.BU.8734701YJ2783D_part3,7,21.0,10,728669.606598609,4373211.39396781,728690.74549731,4373235.53361857
ES.SDGC.BU.8734701YJ2783D_part4,7,21.0,10,728621.54742544,4373227.46143596,728642.316309415,4373251.79109175
ES.SDGC.BU.8734701YJ2783D_part5,7,21.0,10,728693.716436444,4373203.42547554,728714.685337249,4373227.43512883
ES.SDGC.BU.8734701YJ2783D_part6,1,3.0,9,728684.706753018,4373209.60487259,728702.485863769,4373227.58401242
ES.SDGC.BU.8734701YJ2783D_part7,8,24.0,6,728663.897018667,4373217.59318393,728671.836319636,4373225.99303668
ES.SDGC.BU.8734701YJ2783D_part8,8,24.0,6,728639.947183356,4373225.60217159,728647.726988953,4373233.89153105
ES.SDGC.BU.8734701YJ2783D_part9,1,3.0,8,728636.217072276,4373225.69235124,728654.536187234,4373243.80147297
ES.SDGC.BU.8734701YJ2783D_part10,8,24.0,6,728688.236359469,4373209.56469839,728695.886162942,4373217.9540629
ES.SDGC.BU.8734701YJ2783D_part11,1,3.0,7,728718.045520281,4373217.91590808,728723.365474833,4373222.1157587
ES.SDGC.BU.8734701YJ2783D_part12,8,24.0,6,728615.787345078,4373233.59066176,728623.497150676,4373241.90051028
ES.SDGC.BU.8734701YJ2783D_part13,7,21.0,10,728599.887810169,4373234.34998392,728618.276468192,4373259.86958446
ES.SDGC.BU.8734701YJ2783D_part14,1,3.0,8,728660.346910953,4373217.5233657,728678.486026353,4373235.59298744
ES.SDGC.BU.8734701YJ2783D_part15,1,3.0,8,728693.965677817,4373225.97440582,728699.495646254,4373230.21424676
ES.SDGC.BU.8734701YJ2783D_part16,7,21.0,10,728645.547261593,4373219.49294369,728666.4661523,4373243.60211337
ES.SDGC.BU.8734701YJ2783D_part17,1,3.0,8,728612.117227687,4373233.71084143,728630.256853606,4373251.73045767
ES.SDGC.BU.8734701YJ2783D_part18,6,18.0,18,728598.248014664,4373187.27618453,728730.73616266,4373238.44004787
ES.SDGC.BU.8734701YJ2783D_part19,1,3.0,9,728708.766096323,4373201.50590094,728726.985705833,4373219.48552097
ES.SDGC.BU.8937901YJ2783H_part4,3,9.0,32,728329.157,4373559.049,728413.9405,4373615.735
ES.SDGC.BU.8937901YJ2783H_part17,3,9.0,16,728539.625,4373381.0985,728582.964,4373408.1915
ES.SDGC.BU.8937901YJ2783H_part18,2,6.0,7,728541.096,4373384.276,728554.5945,4373393.4375
ES.SDGC.BU.8937901YJ2783H_part19,4,12.0,14,728542.4865,4373470.6705,728563.133,4373495.9435
ES.SDGC.BU.8937901YJ2783H_part20,2,6.0,7,728545.4525,4373516.7585,728581.4245,4373533.9025
ES.SDGC.BU.8937901YJ2783H_part21,4,12.0,6,728547.2535,4373537.151,728550.535,4373543.769
ES.SDGC.BU.8937901YJ2783H_part22,3,9.0,24,728547.6775,4373401.429,728632.63,4373458.1415
ES.SDGC.BU.8937901YJ2783H_part23,4,12.0,7,728548.922,4373468.41,728560.67,4373476.3225
ES.SDGC.BU.8937901YJ2783H_part24,3,9.0,7,728549.5895,4373491.283,728563.6075,4373497.334
ES.SDGC.BU.8937901YJ2783H_part25,1,3.0,7,728553.444,4373498.599,728576.0695,4373506.0875
ES.SDGC.BU.8937901YJ2783H_part26,4,12.0,13,728556.0355,4373470.2715,728564.2895,4373491.283
ES.SDGC.BU.8937901YJ2783H_part27,2,6.0,4,728560.354,4373451.6215,728605.452,4373494.859
ES.SDGC.BU.8937901YJ2783H_part28,2,6.0,5,728561.8025,4373377.3655,728576.857,4373385.759
ES.SDGC.BU.8937901YJ2783H_part29,3,9.0,5,728562.198,4373484.329,728566.1615,4373492.2715
ES.SDGC.BU.8937901YJ2783H_part30,3,9.0,6,728563.133,4373490.885,728564.7665,4373492.6705
ES.SDGC.BU.8937901YJ2783H_part31,2,6.0,6,728571.2565,4373809.4255,728595.722,4373865.571
ES.SDGC.BU.8937901YJ2783H_part32,2,6.0,10,728571.414,4373616.764,728613.58,4373654.097
ES.SDGC.BU.8937901YJ2783H_part33,1,3.0,8,728571.842,4373807.7255,728597.5865,4373866.4435
ES.SDGC.BU.8937901YJ2783H_part34,1,3.0,5,728573.254,4373375.473,728580.275,4373381.0985
ES.SDGC.BU.8937901YJ2783H_part35,2,6.0,4,728573.8795,4373740.63,728608.755,4373769.305
ES.SDGC.BU.8937901YJ2783H_part36,4,12.0,9,728576.156,4373506.6355,728580.5975,4373517.2465
ES.SDGC.BU.8937901YJ2783H_part37,3,9.0,18,728354.4535,4373632.518,728439.327,4373680.978
ES.SDGC.BU.8937901YJ2783H_part47,2,6.0,4,728576.5125,4373411.321,728595.0615,4373422.6075
ES.SDGC.BU.8937901YJ2783H_part48,1,3.0,4,728580.221,4373648.242,728587.862,4373656.0335
ES.SDGC.BU.8937901YJ2783H_part49,4,12.0,7,728581.12,4373520.79,728585.562,4373531.4835
ES.SDGC.BU.8937901YJ2783H_part50,2,6.0,12,728583.602,4373656.0825,728606.8625,4373693.9965
ES.SDGC.BU.8937901YJ2783H_part51,1,3.0,4,728586.8785,4373669.4405,728588.5075,4373672.9595
ES.SDGC.BU.8937901YJ2783H_part52,1,3.0,4,728594.162,4373612.796,728610.028,4373629.336
ES.SDGC.BU.8937901YJ2783H_part53,1,3.0,4,728596.5345,4373635.7185,728616.512,4373650.103
ES.SDGC.BU.8937901YJ2783H_part54,2,6.0,4,728596.8005,4373686.549,728641.898,4373729.786
ES.SDGC.BU.8937901YJ2783H_part55,4,12.0,49,728597.8945,4373549.4225,728680.3655,4373605.471
ES.SDGC.BU.8937901YJ2783H_part56,1,3.0,4,728597.955,4373760.5365,728727.43,4373825.5215
ES.SDGC.BU.8937901YJ2783H_part57,1,3.0,4,728608.629,4373791.551,728738.105,4373856.536
ES.SDGC.BU.8937901YJ2783H_part58,3,9.0,4,728609.3415,4373722.3685,728654.52,4373766.9925
ES.SDGC.BU.8937901YJ2783H_part59,4,12.0,6,728610.2705,4373475.211,728630.836,4373483.8335
ES.SDGC.BU.8937901YJ2783H_part60,4,12.0,9,728610.806,4373476.67,728636.603,4373515.115
ES.SDGC.BU.8937901YJ2783H_part61,2,6.0,16,728614.535,4373588.621,728682.929,4373617.8615
ES.SDGC.BU.8937901YJ2783H_part62,4,12.0,7,728615.5635,4373565.9995,728622.2095,4373570.8455
ES.SDGC.BU.8937901YJ2783H_part63,1,3.0,6,728616.108,4373678.173,728622.771,4373685.6795
ES.SDGC.BU.8937901YJ2783H_part64,4,12.0,4,728616.525,4373730.906,728646.7075,4373757.424
ES.SDGC.BU.8937901YJ2783H_part65,1,3.0,4,728616.9875,4373604.478,728633.065,4373610.52
ES.SDGC.BU.8937901YJ2783H_part66,1,3.0,4,728619.399,4373611.474,728635.477,4373617.516
ES.SDGC.BU.8937901YJ2783H_part67,4,12.0,8,728621.885,4373510.382,728637.2495,4373517.3745
ES.SDGC.BU.8937901YJ2783H_part68,1,3.0,6,728622.4505,4373675.961,728629.1135,4373683.4675
ES.SDGC.BU.8937901YJ2783H_part69,4,12.0,8,728626.639,4373562.209,728633.2695,4373567.045
ES.SDGC.BU.8937901YJ2783H_part70,3,9.0,10,728628.38,4373485.064,728652.812,4373510.382
ES.SDGC.BU.8937901YJ2783H_part71,3,9.0,8,728630.3225,4373470.156,728648.078,4373481.286
ES.SDGC.BU.8937901YJ2783H_part72,3,9.0,6,728630.836,4373472.8465,728644.522,4373485.064
ES.SDGC.BU.8937901YJ2783H_part73,1,3.0,6,728631.1845,4373324.762,728637.7105,4373327.481
ES.SDGC.BU.8937901YJ2783H_part74,1,3.0,6,728631.3845,4373325.315,728639.014,4373331.3105
ES.SDGC.BU.8937901YJ2783H_part75,2,6.0,12,728632.685,4373320.3105,728663.5195,4373371.115
ES.SDGC.BU.8937901YJ2783H_part76,1,3.0,8,728633.791,4373481.286,728649.595,4373499.3695
ES.SDGC.BU.8937901YJ2783H_part77,3,9.0,5,728633.985,4373331.0615,728659.6575,4373375.2195
ES.SDGC.BU.8937901YJ2783H_part78,3,9.0,10,728636.603,4373503.389,728656.998,4373512.2165
ES.SDGC.BU.8937901YJ2783H_part79,2,6.0,6,728637.524,4373319.8325,728652.2735,4373325.315
ES.SDGC.BU.8937901YJ2783H_part80,1,3.0,8,728995.513,4373629.337,729007.231,4373639.254
ES.SDGC.BU.8937901YJ2783H_part81,1,3.0,10,729000.4845,4373305.3185,729037.0665,4373335.857
ES.SDGC.BU.8937901YJ2783H_part82,4,12.0,8,729002.1065,4373572.1,729021.462,4373603.8645
ES.SDGC.BU.8937901YJ2783H_part83,6,18.0,8,729002.923,4373613.5595,729015.2955,4373620.8325
ES.SDGC.BU.8937901YJ2783H_part84,3,9.0,8,729004.9325,4373626.0545,729016.912,4373636.0495
ES.SDGC.BU.8937901YJ2783H_part85,5,15.0,4,729004.94,4373493.3895,729019.0835,4373502.7365
ES.SDGC.BU.8937901YJ2783H_part86,4,12.0,5,729005.3525,4373611.7875,729010.763,4373616.2055
ES.SDGC.BU.8937901YJ2783H_part87,1,3.0,4,728639.4875,4373596.7215,728655.5655,4373602.764
ES.SDGC.BU.8937901YJ2783H_part88,1,3.0,4,728641.899,4373603.718,728657.977,4373609.76
ES.SDGC.BU.8937901YJ2783H_part89,1,3.0,4,728644.522,4373480.034,728653.141,4373495.5785
ES.SDGC.BU.8937901YJ2783H_part90,1,3.0,7,728648.507,4373300.844,728726.17,4373369.81
ES.SDGC.BU.8937901YJ2783H_part91,3,9.0,5,728649.595,4373494.3305,728656.349,4373504.6415
ES.SDGC.BU.8937901YJ2783H_part92,4,12.0,4,728649.9175,4373703.929,728710.7995,4373744.473
ES.SDGC.BU.8937901YJ2783H_part93,1,3.0,7,728652.112,4373300.325,728710.019,4373320.3105
ES.SDGC.BU.8937901YJ2783H_part94,1,3.0,8,728655.24,4373370.202,728671.8155,4373388.101
ES.SDGC.BU.8937901YJ2783H_part95,1,3.0,4,728661.9875,4373588.966,728678.0655,4373595.008
ES.SDGC.BU.8937901YJ2783H_part96,1,3.0,4,728664.3995,4373595.962,728680.477,4373602.0035
ES.SDGC.BU.8937901YJ2783H_part97,3,9.0,4,728670.492,4373551.753,728680.811,4373578.1495
ES.SDGC.BU.8937901YJ2783H_part98,1,3.0,8,728689.2605,4373594.2615,728699.6105,4373611.314
ES.SDGC.BU.8937901YJ2783H_part99,2,6.0,25,728693.112,4373352.8945,728732.208,4373377.768
ES.SDGC.BU.8937901YJ2783H_part100,2,6.0,8,728695.386,4373592.7605,728704.8905,4373610.2545
ES.SDGC.BU.8937901YJ2783H_part101,5,15.0,4,729007.919,4373504.1045,729018.9835,4373514.943
ES.SDGC.BU.8937901YJ2783H_part102,6,18.0,7,729009.033,4373554.261,729021.159,4373560.732
ES.SDGC.BU.8937901YJ2783H_part103,2,6.0,33,729009.519,4373325.835,729074.762,4373394.102
ES.SDGC.BU.8937901YJ2783H_part104,4,12.0,5,729011.329,4373557.38,729020.5865,4373562.4485
ES.SDGC.BU.8937901YJ2783H_part105,5,15.0,6,729015.0565,4373281.9965,729026.9335,4373294.2865
ES.SDGC.BU.8937901YJ2783H_part106,4,12.0,4,729019.083,4373623.7305,729022.1985,4373626.5505
ES.SDGC.BU.8937901YJ2783H_part107,4,12.0,7,729019.762,4373621.2785,729031.0365,4373631.248
ES.SDGC.BU.8937901YJ2783H_part108,1,3.0,6,729021.031,4373575.859,729047.9175,4373587.4025
ES.SDGC.BU.8937901YJ2783H_part110,3,9.0,29,728370.057,4373436.211,728410.631,4373477.7935
ES.SDGC.BU.8937901YJ2783H_part114,2,6.0,65,728374.116,4373813.1965,728504.224,4373922.616
ES.SDGC.BU.8937901YJ2783H_part119,3,9.0,18,728382.942,4373473.036,728423.4735,4373514.644
ES.SDGC.BU.8937901YJ2783H_part120,1,3.0,12,728696.4575,4373616.5875,728709.2005,4373639.739
ES.SDGC.BU.8937901YJ2783H_part121,2,6.0,17,728699.594,4373614.079,728714.4835,4373638.6795
ES.SDGC.BU.8937901YJ2783H_part122,1,3.0,4,728701.2705,4373607.746,728707.028,4373615.301
ES.SDGC.BU.8937901YJ2783H_part123,1,3.0,11,728708.578,4373652.51,728718.794,4373668.164
ES.SDGC.BU.8937901YJ2783H_part124,1,3.0,4,728710.8555,4373636.1705,728716.6205,4373643.729
ES.SDGC.BU.8937901YJ2783H_part125,2,6.0,19,728711.275,4373642.504,728724.076,4373667.104
ES.SDGC.BU.8937901YJ2783H_part126,1,3.0,8,728715.64,4373673.4375,728726.822,4373689.4825
ES.SDGC.BU.8937901YJ2783H_part127,2,6.0,28,728717.903,4373572.449,728772.4585,4373696.627
ES.SDGC.BU.8937901YJ2783H_part128,2,6.0,8,728718.7795,4373670.929,728731.27,4373687.415
ES.SDGC.BU.8937901YJ2783H_part129,1,3.0,4,728720.4405,4373664.5955,728726.213,4373672.1565
ES.SDGC.BU.8937901YJ2783H_part130,1,3.0,6,728730.2675,4373528.69,728742.2475,4373549.936
ES.SDGC.BU.8937901YJ2783H_part131,1,3.0,4,728731.3625,4373772.623,728744.8095,4373781.419
ES.SDGC.BU.8937901YJ2783H_part132,1,3.0,32,728731.599,4373504.178,728887.7065,4373698.191
ES.SDGC.BU.8937901YJ2783H_part133,2,6.0,6,729024.827,4373271.362,729034.0625,4373281.893
ES.SDGC.BU.8937901YJ2783H_part134,4,12.0,4,729025.4575,4373552.578,729034.715,4373557.6465
ES.SDGC.BU.8937901YJ2783H_part135,2,6.0,9,729025.6015,4373264.229,729036.949,4373279.5435
ES.SDGC.BU.8937901YJ2783H_part136,6,18.0,6,729026.464,4373605.562,729038.84,4373612.8265
ES.SDGC.BU.8937901YJ2783H_part137,4,12.0,4,729028.9025,4373603.791,729034.3135,4373608.21
ES.SDGC.BU.8937901YJ2783H_part138,4,12.0,6,729033.8785,4373616.499,729045.17,4373626.424
ES.SDGC.BU.8937901YJ2783H_part139,3,9.0,16,729040.1805,4373436.422,729057.459,4373448.7535
ES.SDGC.BU.8937901YJ2783H_part140,1,3.0,9,729042.909,4373258.953,729102.074,4373287.1735
ES.SDGC.BU.8937901YJ2783H_part141,4,12.0,4,729043.032,4373598.9935,729048.4425,4373603.4115
ES.SDGC.BU.8937901YJ2783H_part143,3,9.0,4,728390.4675,4373770.928,728417.4275,4373787.256
ES.SDGC.BU.8937901YJ2783H_part144,4,12.0,4,728393.2185,4373778.9205,728419.837,4373794.2525
ES.SDGC.BU.8937901YJ2783H_part145,3,9.0,4,728395.628,4373785.917,728422.6475,4373802.383
ES.SDGC.BU.8937901YJ2783H_part147,3,9.0,17,728395.8225,4373509.862,728435.1675,4373551.5
ES.SDGC.BU.8937901YJ2783H_part150,2,6.0,4,728399.6695,4373434.44,728415.574,4373467.6475
ES.SDGC.BU.8937901YJ2783H_part151,1,3.0,53,728401.2475,4373551.5,728446.697,4373673.993
ES.SDGC.BU.8937901YJ2783H_part152,1,3.0,10,728403.9115,4373465.9535,728416.4315,4373475.3585
ES.SDGC.BU.8937901YJ2783H_part153,1,3.0,4,728405.52,4373508.727,728412.9905,4373516.036
ES.SDGC.BU.8937901YJ2783H_part154,1,3.0,14,728406.7595,4373539.841,728443.075,4373557.8285
ES.SDGC.BU.8937901YJ2783H_part155,3,9.0,19,728408.812,4373658.254,728485.8615,4373707.022
ES.SDGC.BU.8937901YJ2783H_part156,1,3.0,5,728410.7295,4373468.447,728417.4285,4373473.306
ES.SDGC.BU.8937901YJ2783H_part157,1,3.0,4,728735.919,4373785.861,728755.5485,4373812.6225
ES.SDGC.BU.8937901YJ2783H_part158,1,3.0,4,728745.194,4373812.8095,728758.6405,4373821.605
ES.SDGC.BU.8937901YJ2783H_part159,1,3.0,6,728784.4355,4373689.739,728794.6765,4373706.7
ES.SDGC.BU.8937901YJ2783H_part160,2,6.0,6,728796.94,4373278.1515,728803.0645,4373293.643
ES.SDGC.BU.8937901YJ2783H_part161,5,15.0,7,728798.583,4373279.3635,728803.7275,4373293.2245
ES.SDGC.BU.8937901YJ2783H_part162,3,9.0,5,728800.175,4373274.886,728810.225,4373279.3635
ES.SDGC.BU.8937901YJ2783H_part163,6,18.0,23,728800.4265,4373271.867,728826.1875,4373301.0625
ES.SDGC.BU.8937901YJ2783H_part164,3,9.0,14,728806.249,4373293.5185,728835.3175,4373327.6135
ES.SDGC.BU.8937901YJ2783H_part165,2,6.0,7,728807.548,4373307.4505,728820.371,4373328.945
ES.SDGC.BU.8937901YJ2783H_part166,1,3.0,7,728809.815,4373273.696,728813.9645,4373276.2835
ES.SDGC.BU.8937901YJ2783H_part167,4,12.0,4,728815.0615,4373307.8135,728830.4715,4373326.071
ES.SDGC.BU.8937901YJ2783H_part168,3,9.0,19,728819.355,4373264.4315,728853.4865,4373293.5185
ES.SDGC.BU.8937901YJ2783H_part169,1,3.0,16,729043.334,4373444.734,729074.964,4373507.4125
ES.SDGC.BU.8937901YJ2783H_part170,2,6.0,10,729058.172,4373410.089,729096.6165,4373438.385
ES.SDGC.BU.8937901YJ2783H_part171,3,9.0,6,729063.52,4373319.867,729092.3935,4373375.8565
ES.SDGC.BU.8937901YJ2783H_part172,3,9.0,12,729074.3255,4373527.139,729089.502,4373544.67
ES.SDGC.BU.8937901YJ2783H_part173,1,3.0,4,729074.7745,4373317.94,729098.098,4373372.057
ES.SDGC.BU.8937901YJ2783H_part174,2,6.0,8,729078.138,4373536.667,729081.1105,4373540.4655
ES.SDGC.BU.8937901YJ2783H_part175,2,6.0,5,729080.0615,4373573.636,729099.4735,4373588.317
ES.SDGC.BU.8937901YJ2783H_part176,2,6.0,4,729080.476,4373314.136,729109.3525,4373370.131
ES.SDGC.BU.8937901YJ2783H_part177,2,6.0,5,729082.09,4373528.054,729088.2755,4373535.8675
ES.SDGC.BU.8937901YJ2783H_part178,2,6.0,5,729082.1645,4373543.4335,729091.776,4373557.906
ES.SDGC.BU.8937901YJ2783H_part179,2,6.0,5,729083.4135,4373583.797,729102.826,4373598.478
ES.SDGC.BU.8937901YJ2783H_part180,3,9.0,7,729085.834,4373387.421,729154.133,4373413.6935
ES.SDGC.BU.8937901YJ2783H_part181,2,6.0,4,729086.121,4373558.327,729105.5335,4373573.0075
ES.SDGC.BU.8937901YJ2783H_part182,2,6.0,5,729086.766,4373593.9585,729106.178,4373608.6395
ES.SDGC.BU.8937901YJ2783H_part183,1,3.0,4,729096.673,4373217.705,729107.839,4373226.606
ES.SDGC.BU.8937901YJ2783H_part184,1,3.0,4,729099.811,4373233.63,729114.453,4373242.6895
ES.SDGC.BU.8937901YJ2783H_part185,3,9.0,4,729100.59,4373570.339,729113.645,4373594.2125
ES.SDGC.BU.8937901YJ2783H_part186,2,6.0,28,728411.136,4373493.0695,728458.479,4373514.1165
ES.SDGC.BU.8937901YJ2783H_part187,1,3.0,11,728411.6295,4373553.8135,728448.9895,4373574.97
ES.SDGC.BU.8937901YJ2783H_part188,2,6.0,8,728412.51,4373471.3435,728428.267,4373504.48
ES.SDGC.BU.8937901YJ2783H_part189,1,3.0,4,728413.682,4373422.6445,728421.8225,4373430.555
ES.SDGC.BU.8937901YJ2783H_part190,3,9.0,7,728414.694,4373752.133,728472.243,4373778.9205
ES.SDGC.BU.8937901YJ2783H_part191,2,6.0,4,728415.6935,4373428.439,728432.652,4373461.985
ES.SDGC.BU.8937901YJ2783H_part192,6,18.0,10,728415.774,4373877.6145,728533.4605,4373923.757
ES.SDGC.BU.8937901YJ2783H_part193,4,12.0,5,728417.4275,4373760.0465,728474.65,4373785.917
ES.SDGC.BU.8937901YJ2783H_part194,2,6.0,9,728417.4575,4373580.4795,728425.282,4373588.343
ES.SDGC.BU.8937901YJ2783H_part195,3,9.0,11,728419.837,4373767.0435,728477.455,4373794.051
ES.SDGC.BU.8937901YJ2783H_part196,1,3.0,6,728420.062,4373551.957,728428.698,4373561.743
ES.SDGC.BU.8937901YJ2783H_part197,3,9.0,25,728421.505,4373694.612,728498.7525,4373743.8985
ES.SDGC.BU.8937901YJ2783H_part198,3,9.0,8,728421.8225,4373418.684,728460.924,4373459.9025
ES.SDGC.BU.8937901YJ2783H_part199,3,9.0,5,728421.8245,4373667.9745,728431.6005,4373681.0915
ES.SDGC.BU.8937901YJ2783H_part200,2,6.0,11,728423.4305,4373505.3465,728441.0065,4373541.831
ES.SDGC.BU.8937901YJ2783H_part201,1,3.0,5,728426.601,4373459.843,728433.672,4373464.4875
ES.SDGC.BU.8937901YJ2783H_part202,1,3.0,7,728427.4425,4373461.298,728440.148,4373467.535
ES.SDGC.BU.8937901YJ2783H_part203,2,6.0,6,728428.4915,4373465.4465,728445.398,4373499.022
ES.SDGC.BU.8937901YJ2783H_part204,3,9.0,10,728820.048,4373322.542,728831.139,4373328.0415
ES.SDGC.BU.8937901YJ2783H_part205,1,3.0,7,728821.337,4373325.861,728854.0325,4373352.124
ES.SDGC.BU.8937901YJ2783H_part206,4,12.0,4,728823.798,4373324.5465,728828.026,4373326.8785
ES.SDGC.BU.8937901YJ2783H_part207,6,18.0,13,728824.009,4373330.8885,728871.597,4373375.241
ES.SDGC.BU.8937901YJ2783H_part208,6,18.0,3,728824.009,4373352.124,728830.573,4373364.488
ES.SDGC.BU.8937901YJ2783H_part209,2,6.0,7,728826.0315,4373263.162,728849.228,4373271.346
ES.SDGC.BU.8937901YJ2783H_part210,2,6.0,3,728826.0465,4373292.255,728829.7785,4373297.492
ES.SDGC.BU.8937901YJ2783H_part211,1,3.0,5,728827.392,4373292.1035,728831.6595,4373297.7495
ES.SDGC.BU.8937901YJ2783H_part212,2,6.0,6,728828.485,4373300.368,728836.6825,4373323.496
ES.SDGC.BU.8937901YJ2783H_part213,2,6.0,8,728833.06,4373279.3,728854.702,4373292.1865
ES.SDGC.BU.8937901YJ2783H_part214,4,12.0,5,728833.556,4373269.115,728851.9185,4373284.6875
ES.SDGC.BU.8937901YJ2783H_part215,3,9.0,10,728848.3705,4373268.4755,728853.7545,4373279.596
ES.SDGC.BU.8937901YJ2783H_part216,4,12.0,4,728850.302,4373271.63,728852.621,4373275.9275
ES.SDGC.BU.8937901YJ2783H_part217,7,21.0,8,728852.543,4373325.7225,728865.3615,4373338.5065
ES.SDGC.BU.8937901YJ2783H_part218,2,6.0,17,728858.677,4373321.8985,728943.942,4373350.702
ES.SDGC.BU.8937901YJ2783H_part219,1,3.0,8,728859.8575,4373315.2455,728895.4405,4373328.559
ES.SDGC.BU.8937901YJ2783H_part220,3,9.0,15,728861.7345,4373324.455,728886.438,4373345.223
ES.SDGC.BU.8937901YJ2783H_part221,6,18.0,36,728868.038,4373486.4,728891.4515,4373509.817
ES.SDGC.BU.8937901YJ2783H_part222,7,21.0,6,728873.081,4373493.6935,728879.353,4373501.9425
ES.SDGC.BU.8937901YJ2783H_part223,2,6.0,6,729125.34,4373240.35,729202.424,4373270.2715
ES.SDGC.BU.8937901YJ2783H_part224,2,6.0,9,729128.0255,4373246.756,729206.005,4373280.127
ES.SDGC.BU.8937901YJ2783H_part225,2,6.0,8,729131.1145,4373202.9835,729211.3985,4373247.9345
ES.SDGC.BU.8937901YJ2783H_part226,3,9.0,4,729146.9125,4373220.3665,729155.542,4373230.25
ES.SDGC.BU.8937901YJ2783H_part227,2,6.0,5,729147.768,4373391.052,729157.2285,4373402.374
ES.SDGC.BU.8937901YJ2783H_part228,2,6.0,4,729150.377,4373268.2165,729176.8595,4373276.4425
ES.SDGC.BU.8937901YJ2783H_part229,2,6.0,4,729164.748,4373343.6535,729287.2105,4373397.629
ES.SDGC.BU.8937901YJ2783H_part230,3,9.0,4,729167.4525,4373216.0695,729174.5265,4373222.1745
ES.SDGC.BU.8937901YJ2783H_part231,3,9.0,4,729172.933,4373227.493,729179.855,4373233.756
ES.SDGC.BU.8937901YJ2783H_part232,2,6.0,8,728433.9145,4373628.873,728441.88,4373636.551
ES.SDGC.BU.8937901YJ2783H_part233,3,9.0,10,728434.56,4373455.7215,728473.653,4373496.9335
ES.SDGC.BU.8937901YJ2783H_part234,1,3.0,7,728437.0885,4373546.0865,728445.7415,4373555.8825
ES.SDGC.BU.8937901YJ2783H_part235,3,9.0,6,728438.24,4373456.001,728445.9285,4373463.523
ES.SDGC.BU.8937901YJ2783H_part236,1,3.0,22,728438.8465,4373633.3575,728476.4185,4373654.6185
ES.SDGC.BU.8937901YJ2783H_part237,2,6.0,13,728440.196,4373498.174,728458.044,4373536.0705
ES.SDGC.BU.8937901YJ2783H_part238,1,3.0,5,728441.0065,4373536.0705,728454.2065,4373546.0865
ES.SDGC.BU.8937901YJ2783H_part239,2,6.0,4,728442.706,4373785.3645,728448.5055,4373788.9085
ES.SDGC.BU.8937901YJ2783H_part240,1,3.0,13,728444.5925,4373650.06,728481.056,4373667.905
ES.SDGC.BU.8937901YJ2783H_part241,2,6.0,6,728873.883,4373323.8335,728882.453,4373328.6685
ES.SDGC.BU.8937901YJ2783H_part242,1,3.0,6,728874.62,4373485.827,728877.866,4373489.0455
ES.SDGC.BU.8937901YJ2783H_part243,2,6.0,6,728875.724,4373317.173,728896.6515,4373326.256
ES.SDGC.BU.8937901YJ2783H_part244,6,18.0,30,728877.353,4373481.9315,728895.9235,4373506.669
ES.SDGC.BU.8937901YJ2783H_part245,3,9.0,7,728878.2375,4373244.377,728912.4555,4373273.617
ES.SDGC.BU.8937901YJ2783H_part246,1,3.0,6,728880.8855,4373505.132,728884.397,4373507.593
ES.SDGC.BU.8937901YJ2783H_part247,3,9.0,6,728882.453,4373321.467,728897.5195,4373329.289
ES.SDGC.BU.8937901YJ2783H_part248,6,18.0,16,728884.676,4373531.665,728910.0495,4373559.6105
ES.SDGC.BU.8937901YJ2783H_part249,7,21.0,12,728892.9585,4373538.445,728912.7405,4373553.91
ES.SDGC.BU.8937901YJ2783H_part250,4,12.0,9,728894.82,4373312.611,728905.9285,4373324.6715
ES.SDGC.BU.8937901YJ2783H_part251,3,9.0,15,728897.555,4373300.5595,728955.41,4373333.3545
ES.SDGC.BU.8937901YJ2783H_part252,8,24.0,5,728900.058,4373541.164,728905.4575,4373547.383
ES.SDGC.BU.8937901YJ2783H_part253,6,18.0,30,728901.322,4373580.9285,728926.6955,4373608.874
ES.SDGC.BU.8937901YJ2783H_part254,2,6.0,4,728904.736,4373264.376,728915.005,4373272.0705
ES.SDGC.BU.8937901YJ2783H_part255,6,18.0,4,728905.8285,4373237.7015,728932.363,4373264.376
ES.SDGC.BU.8937901YJ2783H_part256,2,6.0,6,728909.069,4373465.016,728927.194,4373495.4285
ES.SDGC.BU.8937901YJ2783H_part257,3,9.0,10,729224.2755,4373132.166,729248.941,4373179.928
ES.SDGC.BU.8937901YJ2783H_part258,3,9.0,5,729237.1235,4373138.5695,729246.851,4373143.031
ES.SDGC.BU.8937901YJ2783H_part259,1,3.0,4,729238.391,4373281.628,729250.0265,4373293.264
ES.SDGC.BU.8937901YJ2783H_part272,7,21.0,26,728911.8815,4373588.3215,728929.3865,4373603.18
ES.SDGC.BU.8937901YJ2783H_part273,3,9.0,8,728912.4555,4373257.6865,728941.6435,4373291.801
ES.SDGC.BU.8937901YJ2783H_part274,8,24.0,5,728916.7035,4373590.4275,728922.103,4373596.646
ES.SDGC.BU.8937901YJ2783H_part275,1,3.0,8,728917.7225,4373490.5165,728941.855,4373523.86
ES.SDGC.BU.8937901YJ2783H_part276,6,18.0,4,728917.986,4373629.7185,728945.8715,4373657.604
ES.SDGC.BU.8937901YJ2783H_part277,5,15.0,8,728920.143,4373444.1005,729007.7845,4373492.2225
ES.SDGC.BU.8937901YJ2783H_part278,7,21.0,4,728925.3475,4373637.0055,728938.5485,4373650.3775
ES.SDGC.BU.8937901YJ2783H_part279,2,6.0,8,728927.33,4373520.6535,728950.18,4373549.4
ES.SDGC.BU.8937901YJ2783H_part280,1,3.0,4,728929.0205,4373239.847,728935.3125,4373247.571
ES.SDGC.BU.8937901YJ2783H_part281,1,3.0,5,728931.637,4373247.1795,728944.645,4373269.2975
ES.SDGC.BU.8937901YJ2783H_part282,5,15.0,5,728936.8015,4373516.4515,728950.9505,4373525.784
ES.SDGC.BU.8937901YJ2783H_part283,4,12.0,21,728938.535,4373477.191,729024.355,4373541.462
ES.SDGC.BU.8937901YJ2783H_part284,1,3.0,4,728939.277,4373270.239,728949.3805,4373283.719
ES.SDGC.BU.8937901YJ2783H_part285,2,6.0,8,728942.0125,4373562.345,728960.093,4373592.782
ES.SDGC.BU.8937901YJ2783H_part286,1,3.0,6,728950.62,4373587.8195,728969.7435,4373605.941
ES.SDGC.BU.8937901YJ2783H_part307,1,3.0,4,728445.7415,4373549.994,728460.056,4373563.225
ES.SDGC.BU.8937901YJ2783H_part308,3,9.0,21,728447.237,4373484.6015,728524.1055,4373534.0405
ES.SDGC.BU.8937901YJ2783H_part309,1,3.0,8,728452.0815,4373524.372,728488.533,4373542.255
ES.SDGC.BU.8937901YJ2783H_part310,1,3.0,10,728453.357,4373648.647,728461.901,4373658.0005
ES.SDGC.BU.8937901YJ2783H_part311,1,3.0,8,728454.2065,4373540.21,728462.807,4373549.994
ES.SDGC.BU.8937901YJ2783H_part312,4,12.0,26,728455.417,4373404.602,728496.969,4373428.538
ES.SDGC.BU.8937901YJ2783H_part313,1,3.0,13,728456.8055,4373540.097,728488.72,4373559.4155
ES.SDGC.BU.8937901YJ2783H_part314,5,15.0,20,728459.3805,4373420.466,728499.45,4373440.0955
ES.SDGC.BU.8937901YJ2783H_part315,5,15.0,11,728953.009,4373541.559,729040.546,4373589.5805
ES.SDGC.BU.8937901YJ2783H_part316,2,6.0,16,728955.067,4373600.982,728983.4845,4373646.6855
ES.SDGC.BU.8937901YJ2783H_part317,4,12.0,4,728959.519,4373574.9695,728968.7765,4373580.038
ES.SDGC.BU.8937901YJ2783H_part318,4,12.0,4,728961.51,4373217.246,728980.523,4373236.257
ES.SDGC.BU.8937901YJ2783H_part319,1,3.0,4,728962.129,4373631.1655,728965.55,4373637.4605
ES.SDGC.BU.8937901YJ2783H_part320,4,12.0,6,728967.9125,4373239.715,728986.925,4373255.204
ES.SDGC.BU.8937901YJ2783H_part321,5,15.0,4,728968.1115,4373514.839,728988.334,4373531.917
ES.SDGC.BU.8937901YJ2783H_part322,5,15.0,23,728969.663,4373590.872,729057.1055,4373638.8615
ES.SDGC.BU.8937901YJ2783H_part323,1,3.0,6,728970.1235,4373580.0205,729005.603,4373607.075
ES.SDGC.BU.8937901YJ2783H_part324,6,18.0,8,728971.365,4373562.246,728997.605,4373573.5265
ES.SDGC.BU.8937901YJ2783H_part325,3,9.0,4,728971.6965,4373236.193,728985.1545,4373248.6545
ES.SDGC.BU.8937901YJ2783H_part326,3,9.0,4,728971.766,4373628.211,728975.004,4373634.1715
ES.SDGC.BU.8937901YJ2783H_part327,1,3.0,4,728973.2795,4373522.1,729030.807,4373554.258
ES.SDGC.BU.8937901YJ2783H_part328,4,12.0,4,728973.6495,4373570.1715,728982.907,4373575.24
ES.SDGC.BU.8937901YJ2783H_part329,4,12.0,5,728974.635,4373256.088,728993.647,4373275.099
ES.SDGC.BU.8937901YJ2783H_part330,4,12.0,4,728977.0895,4373621.38,728982.5005,4373625.798
ES.SDGC.BU.8937901YJ2783H_part358,4,12.0,6,728468.1635,4373441.8525,728504.619,4373467.974
ES.SDGC.BU.8937901YJ2783H_part359,1,3.0,9,728470.3675,4373642.794,728478.9185,4373652.1415
ES.SDGC.BU.8937901YJ2783H_part360,3,9.0,8,728471.958,4373731.4305,728511.447,4373772.7785
ES.SDGC.BU.8937901YJ2783H_part361,5,15.0,6,728473.0605,4373447.3615,728513.6425,4373485.471
ES.SDGC.BU.8937901YJ2783H_part362,1,3.0,5,728473.171,4373629.5705,728487.409,4373642.794
ES.SDGC.BU.8937901YJ2783H_part363,2,6.0,16,728474.651,4373677.503,728521.7935,4373698.481
ES.SDGC.BU.8937901YJ2783H_part364,2,6.0,6,728475.0115,4373656.194,728491.7325,4373689.233
ES.SDGC.BU.8937901YJ2783H_part365,1,3.0,11,728477.1755,4373530.439,728491.5945,4373542.0545
ES.SDGC.BU.8937901YJ2783H_part366,1,3.0,6,728478.9185,4373646.2805,728491.9415,4373656.194
ES.SDGC.BU.8937901YJ2783H_part367,2,6.0,5,728479.219,4373420.326,728485.564,4373426.0995
ES.SDGC.BU.8937901YJ2783H_part368,1,3.0,5,728480.5765,4373407.586,728485.8475,4373417.105
ES.SDGC.BU.8937901YJ2783H_part369,1,3.0,15,728484.183,4373617.7505,728521.737,4373639.006
ES.SDGC.BU.8937901YJ2783H_part370,5,15.0,17,728485.7795,4373793.5395,728529.127,4373877.243
ES.SDGC.BU.8937901YJ2783H_part371,1,3.0,4,728486.8595,4373425.8145,728490.779,4373431.432
ES.SDGC.BU.8937901YJ2783H_part372,2,6.0,7,728487.344,4373727.938,728495.091,4373735.3575
ES.SDGC.BU.8937901YJ2783H_part373,1,3.0,6,728487.409,4373636.9405,728495.9395,4373646.2805
ES.SDGC.BU.8937901YJ2783H_part374,3,9.0,5,728487.4665,4373416.8885,728495.553,4373423.255
ES.SDGC.BU.8937901YJ2783H_part375,2,6.0,4,728980.685,4373278.454,728985.0905,4373281.498
ES.SDGC.BU.8937901YJ2783H_part376,4,12.0,16,728981.279,4373266.8375,729023.989,4373303.6155
ES.SDGC.BU.8937901YJ2783H_part377,4,12.0,4,728987.779,4373565.373,728997.036,4373570.441
ES.SDGC.BU.8937901YJ2783H_part378,6,18.0,8,728988.794,4373618.3645,729001.169,4373625.636
ES.SDGC.BU.8937901YJ2783H_part379,1,3.0,4,728989.436,4373225.1385,729087.7885,4373254.9945
ES.SDGC.BU.8937901YJ2783H_part380,3,9.0,5,728990.3755,4373278.528,729017.039,4373290.3995
ES.SDGC.BU.8937901YJ2783H_part381,5,15.0,4,728991.153,4373291.771,728996.607,4373301.745
ES.SDGC.BU.8937901YJ2783H_part382,4,12.0,4,728991.224,4373616.5845,728996.635,4373621.0025
ES.SDGC.BU.8937901YJ2783H_part412,2,6.0,5,728487.7465,4373692.6015,728504.4255,4373726.041
ES.SDGC.BU.8937901YJ2783H_part413,1,3.0,15,728489.8975,4373634.477,728526.1625,4373652.257
ES.SDGC.BU.8937901YJ2783H_part414,4,12.0,12,728491.5075,4373397.239,728515.239,4373418.7805
ES.SDGC.BU.8937901YJ2783H_part415,2,6.0,6,728491.9415,4373650.4,728508.2955,4373683.466
ES.SDGC.BU.8937901YJ2783H_part416,4,12.0,32,728493.6745,4373507.811,728584.43,4373557.035
ES.SDGC.BU.8937901YJ2783H_part417,3,9.0,4,728495.569,4373414.712,728501.8655,4373420.466
ES.SDGC.BU.8937901YJ2783H_part418,4,12.0,11,728496.826,4373534.064,728545.88,4373561.569
ES.SDGC.BU.8937901YJ2783H_part419,5,15.0,11,728496.969,4373418.136,728520.8375,4373427.673
ES.SDGC.BU.8937901YJ2783H_part420,3,9.0,5,728497.424,4373640.227,728536.9585,4373681.5105
ES.SDGC.BU.8937901YJ2783H_part421,1,3.0,4,728498.7525,4373724.088,728506.281,4373731.4305
ES.SDGC.BU.8937901YJ2783H_part422,2,6.0,4,728500.6075,4373729.4775,728517.119,4373762.917
ES.SDGC.BU.8937901YJ2783H_part423,4,12.0,17,728500.613,4373391.5065,728533.5115,4373415.688
ES.SDGC.BU.8937901YJ2783H_part424,3,9.0,5,728501.3555,4373414.071,728503.738,4373418.4755
ES.SDGC.BU.8937901YJ2783H_part425,3,9.0,5,728502.3355,4373413.6425,728504.9775,4373418.136
ES.SDGC.BU.8937901YJ2783H_part426,5,15.0,15,728502.6435,4373403.024,728537.488,4373423.979
ES.SDGC.BU.8937901YJ2783H_part427,2,6.0,6,728503.5795,4373412.009,728509.7305,4373417.709
ES.SDGC.BU.8937901YJ2783H_part428,1,3.0,8,728504.41,4373631.081,728512.961,4373640.4245
ES.SDGC.BU.8937901YJ2783H_part442,2,6.0,4,728504.6505,4373686.8915,728521.1615,4373720.2805
ES.SDGC.BU.8937901YJ2783H_part443,3,9.0,5,728505.7715,4373547.497,728547.9365,4373567.427
ES.SDGC.BU.8937901YJ2783H_part444,1,3.0,29,728506.578,4373601.3715,728542.6925,4373640.227
ES.SDGC.BU.8937901YJ2783H_part445,2,6.0,4,728507.758,4373428.224,728553.2365,4373471.8425
ES.SDGC.BU.8937901YJ2783H_part446,3,9.0,5,728508.3265,4373411.6225,728510.85,4373416.0735
ES.SDGC.BU.8937901YJ2783H_part447,3,9.0,11,728510.176,4373676.979,728549.8115,4373718.3275
ES.SDGC.BU.8937901YJ2783H_part448,6,18.0,5,728512.565,4373871.556,728531.2125,4373883.3025
ES.SDGC.BU.8937901YJ2783H_part449,1,3.0,4,728515.4885,4373718.3275,728523.017,4373725.67
ES.SDGC.BU.8937901YJ2783H_part450,1,3.0,12,728516.6725,4373863.279,728542.856,4373894.6975
ES.SDGC.BU.8937901YJ2783H_part451,2,6.0,4,728517.3435,4373723.7175,728533.8555,4373757.1565
ES.SDGC.BU.8937901YJ2783H_part452,3,9.0,23,728518.977,4373575.888,728601.8975,4373632.8585
ES.SDGC.BU.8937901YJ2783H_part453,2,6.0,4,728520.056,4373491.292,728525.9485,4373495.877
ES.SDGC.BU.8937901YJ2783H_part454,4,12.0,22,728521.8985,4373475.3335,728549.5895,4373503.0315
ES.SDGC.BU.8937901YJ2783H_part455,3,9.0,13,728523.017,4373713.856,728562.5045,4373755.204
ES.SDGC.BU.8937901YJ2783H_part456,4,12.0,9,728525.09,4373333.943,728598.508,4373359.087
ES.SDGC.BU.8937901YJ2783H_part457,5,15.0,4,728525.163,4373523.693,728536.0445,4373540.0885
ES.SDGC.BU.8937901YJ2783H_part473,4,12.0,21,728525.287,4373334.547,728607.381,4373390.1905
ES.SDGC.BU.8937901YJ2783H_part474,3,9.0,5,728526.074,4373471.5695,728549.3935,4373480.8135
ES.SDGC.BU.8937901YJ2783H_part475,2,6.0,12,728526.551,4373714.4225,728534.362,4373721.862
ES.SDGC.BU.8937901YJ2783H_part476,1,3.0,7,728527.6045,4373506.6315,728547.4305,4373514.981
ES.SDGC.BU.8937901YJ2783H_part477,1,3.0,7,728531.26,4373811.434,728589.8895,4373879.3375
ES.SDGC.BU.8937901YJ2783H_part478,3,9.0,5,728533.65,4373495.9435,728550.0625,4373502.8205
ES.SDGC.BU.8937901YJ2783H_part479,2,6.0,15,728533.8055,4373499.114,728576.4675,4373519.615
ES.SDGC.BU.8937901YJ2783H_part480,3,9.0,4,728535.7965,4373516.8095,728542.4345,4373521.607
ES.SDGC.BU.8937901YJ2783H_part481,1,3.0,5,728535.993,4373388.2385,728542.48,4373394.6665
ES.SDGC.BU.8937901YJ2783H_part482,2,6.0,16,728537.5335,4373379.9195,728586.2725,4373412.1445
ES.SDGC.BU.8939401YJ2784B_part1,3,9.0,8,728804.38734333,4373739.21268452,728820.313498975,4373756.53488851
ES.SDGC.BU.8939401YJ2784B_part2,1,3.0,12,728823.189632921,4373716.01186406,728858.66669136,4373748.98002547
ES.SDGC.BU.8939401YJ2784B_part3,1,3.0,5,728956.866957392,4373656.61810902,729036.669704226,4373701.42049797
ES.SDGC.BU.8939401YJ2784B_part4,1,3.0,14,728798.16947785,4373791.0077735,728846.449993818,4373832.96142384
ES.SDGC.BU.8939401YJ2784B_part5,1,3.0,10,728907.220919722,4373692.21476302,728941.520770208,4373714.64292267
ES.SDGC.BU.8939401YJ2784B_part6,1,3.0,4,728883.821020913,4373700.96568796,728903.192832543,4373728.49163994
ES.SDGC.BU.8939401YJ2784B_part7,1,3.0,4,728787.185866179,4373780.17214737,728794.521716525,4373784.50925085
ES.SDGC.BU.8939401YJ2784B_part8,1,3.0,6,728791.254467826,4373783.40529599,728799.092022776,4373794.75119717
ES.SDGC.BU.8939401YJ2784B_part9,2,6.0,6,728804.691686605,4373729.00783654,728815.754441077,4373741.78718898
ES.SDGC.BU.8939401YJ2784B_part10,1,3.0,4,728790.88054645,4373745.81629465,728801.022199388,4373755.95794759
ES.SDGC.BU.8939401YJ2784B_part11,1,3.0,4,728965.971571624,4373701.12358798,728982.970973154,4373713.514145
ES.SDGC.BU.8939401YJ2784B_part12,1,3.0,4,728861.557975322,4373708.48875101,728880.929736951,4373736.01470298
ES.SDGC.BU.8939401YJ2784B_part13,3,9.0,4,728800.93523735,4373731.582391,728808.143842586,4373743.05794118
ES.SDGC.BU.8939401YJ2784B_part14,1,3.0,4,728950.955608584,4373681.73565182,728963.428568929,4373703.38940133
ES.SDGC.BU.8939401YJ2784B_part15,1,3.0,17,728795.970114041,4373764.1419786,728831.339167593,4373793.29334372
ES.SDGC.BU.8939402YJ2784B_part1,1,3.0,4,728861.252347293,4373834.53585602,728865.270099662,4373839.76195733
ES.SDGC.BU.8939402YJ2784B_part2,1,3.0,4,728866.447941717,4373823.98134983,728875.64719292,4373829.2240044
ES.SDGC.BU.8939402YJ2784B_part3,2,6.0,4,728867.143793829,4373827.67304942,728877.414098283,4373838.33670337
ES.SDGC.BU.8939402YJ2784B_part4,1,3.0,4,728876.758645938,4373736.62077681,728918.355997885,4373761.71654634
