source_id,area_m2_scene_local,catastro_overlap_ratio,catastro_contains_representative_point,action,osm_building_tag,osm_height,osm_levels
relation/1945704/0,6519.20,0.7617,false,covered_by_catastro,university,,
relation/10314668/0,70.39,0.9998,true,covered_by_catastro,,,2
relation/10314670/0,216.73,0.9056,true,covered_by_catastro,detached,,3
relation/14750676/0,7872.38,0.7465,true,covered_by_catastro,university,,6
relation/17545129/0,3157.67,0.9809,true,covered_by_catastro,greenhouse,,1
relation/17545129/1,3150.64,0.9825,true,covered_by_catastro,greenhouse,,1
relation/17545130/0,62.69,0.8914,true,covered_by_catastro,university,,1
relation/17545130/1,299.23,0.9403,true,covered_by_catastro,university,,1
relation/17545130/2,62.57,0.8891,true,covered_by_catastro,university,,1
relation/17545131/0,1381.65,0.9634,true,covered_by_catastro,university,,1
relation/17545131/1,298.80,0.9208,true,covered_by_catastro,university,,1
relation/17545131/2,299.45,0.9143,true,covered_by_catastro,university,,1
relation/17545131/3,625.34,0.9226,true,covered_by_catastro,university,,1
relation/17545131/4,300.89,0.9159,true,covered_by_catastro,university,,1
relation/17545131/5,64.01,0.8482,true,covered_by_catastro,university,,1
relation/17545131/6,569.01,0.9408,true,covered_by_catastro,university,,1
relation/17545131/7,403.81,0.9364,true,covered_by_catastro,university,,1
relation/17545873/0,1630.83,1.1771,true,covered_by_catastro,,,8
relation/17545874/0,316.70,1.1366,true,covered_by_catastro,,,3
relation/17545875/0,310.52,0.9960,true,covered_by_catastro,,,3
way/23389258,2879.79,0.9821,true,covered_by_catastro,yes,,2
way/23389265,625.26,0.9429,true,covered_by_catastro,university,,2
way/23389266,1324.73,1.2886,true,covered_by_catastro,university,,
way/23389267,1451.64,0.9077,true,covered_by_catastro,university,,
way/23389268,1229.05,0.9678,true,covered_by_catastro,university,,
way/23389269,1304.67,0.9227,true,covered_by_catastro,university,,
way/23389270,453.20,0.9311,true,covered_by_catastro,university,,2
way/23389271,791.91,0.9722,true,covered_by_catastro,university,,
way/23389273,2535.28,0.9472,true,covered_by_catastro,university,,4
way/23389279,3200.98,0.9845,true,covered_by_catastro,yes,,
way/23389281,1883.35,0.9837,true,covered_by_catastro,university,,
way/23389283,1181.61,0.9736,true,covered_by_catastro,university,,
way/23389284,1313.25,0.9317,true,covered_by_catastro,yes,,
way/23389285,2715.26,0.9358,true,covered_by_catastro,university,,
way/23389286,3616.45,0.9806,true,covered_by_catastro,university,,
way/23389289,4465.74,0.9319,true,covered_by_catastro,yes,,
way/23389292,2734.80,0.0000,false,kept_sceneBaker_fallback,yes,,
way/23389296,3109.27,0.0000,false,kept_sceneBaker_fallback,apartments,,
way/23389300,1912.13,0.9462,true,covered_by_catastro,university,,
way/23389307,1757.80,0.9625,true,covered_by_catastro,university,,
way/23389309,2786.55,0.9957,true,covered_by_catastro,university,,4
way/23389310,1666.57,0.8270,true,covered_by_catastro,greenhouse,,
way/23389311,1154.84,0.9370,true,covered_by_catastro,greenhouse,,
way/23389312,2538.88,0.8581,true,covered_by_catastro,university,,
way/23389313,1649.72,0.9880,true,covered_by_catastro,university,,
way/23389316,2212.97,0.8425,true,covered_by_catastro,yes,,
way/23389317,1621.89,0.2246,false,covered_by_catastro,yes,,
way/23389318,1253.10,0.7819,true,covered_by_catastro,commercial,,
way/23389319,290.80,0.8301,true,covered_by_catastro,yes,,
way/23389322,506.31,1.1539,true,covered_by_catastro,university,,
way/23389323,525.74,0.9553,true,covered_by_catastro,university,,
way/23389324,549.52,0.9265,true,covered_by_catastro,university,,
way/23389325,503.46,1.0003,true,covered_by_catastro,university,,
way/23389326,1981.55,0.9017,true,covered_by_catastro,yes,,
way/23389327,5053.61,0.0000,false,kept_sceneBaker_fallback,transportation,,
way/23389328,2451.73,0.0000,false,kept_sceneBaker_fallback,yes,,
way/23396707,3827.49,0.9913,true,covered_by_catastro,university,,
way/23396708,5218.78,1.0435,true,covered_by_catastro,yes,,
way/23396710,3814.63,0.9993,true,covered_by_catastro,university,,8
way/23396711,2890.34,1.1140,true,covered_by_catastro,yes,,
way/30651667,1061.10,1.0203,true,covered_by_catastro,university,,
way/30656574,550.27,0.8826,true,covered_by_catastro,college,,
way/36966630,1617.25,0.0000,false,kept_sceneBaker_fallback,transportation,,
way/43791991,843.53,0.8231,true,covered_by_catastro,university,,
way/143611928,2780.32,0.9666,true,covered_by_catastro,university,,
way/149171801,640.32,0.9444,true,covered_by_catastro,yes,,
way/149171807,1645.24,0.9759,true,covered_by_catastro,university,,2
way/149176197,5302.44,0.3833,true,covered_by_catastro,university,,3
way/149495208,5242.07,1.0138,true,covered_by_catastro,yes,,
way/185106664,1597.38,0.5620,false,covered_by_catastro,commercial,,2
way/185310747,1488.56,0.8441,true,covered_by_catastro,university,,
way/185310751,1661.41,0.8820,true,covered_by_catastro,university,,
way/185316024,349.47,0.9263,true,covered_by_catastro,university,,1
way/185316025,362.72,0.9730,true,covered_by_catastro,university,,1
way/185318107,37.79,0.8670,true,covered_by_catastro,yes,,2
way/185318110,302.04,0.9675,true,covered_by_catastro,university,,1
way/185318111,37.94,0.8619,true,covered_by_catastro,yes,,2
way/185318113,358.34,0.9835,true,covered_by_catastro,university,,1
way/185431598,170.72,0.9745,true,covered_by_catastro,yes,,
way/185433699,973.94,0.8715,true,covered_by_catastro,university,,
way/185437886,2950.17,0.9431,true,covered_by_catastro,university,,4
way/185549146,1605.94,0.9558,true,covered_by_catastro,greenhouse,,
way/185549149,147.18,0.7527,true,covered_by_catastro,yes,,
way/185550993,3159.80,0.9759,true,covered_by_catastro,university,,2
way/186010119,1173.84,0.9917,true,covered_by_catastro,university,,
way/186010120,774.19,0.9701,true,covered_by_catastro,university,,
way/186010124,828.84,0.9868,true,covered_by_catastro,university,,
way/186010125,1240.05,0.9754,true,covered_by_catastro,university,,
way/186016788,1209.68,0.9796,true,covered_by_catastro,university,,
way/186016790,1503.83,0.9814,true,covered_by_catastro,university,,
way/186016791,1279.50,0.9156,true,covered_by_catastro,university,,
way/186021877,15.99,0.0000,false,kept_sceneBaker_fallback,yes,,
way/186028997,214.83,0.9893,true,covered_by_catastro,university,,
way/186028998,218.52,0.9534,true,covered_by_catastro,yes,,
way/186028999,210.71,0.9806,true,covered_by_catastro,yes,,
way/217845126,214.10,0.9997,true,covered_by_catastro,detached,,2
way/217845134,261.29,0.9996,true,covered_by_catastro,detached,,2
way/217845142,631.14,0.9998,true,covered_by_catastro,residential,,2
way/217845144,119.01,0.9994,true,covered_by_catastro,residential,,2
way/217845145,584.31,0.9996,true,covered_by_catastro,residential,,2
way/217845149,63.83,0.9990,true,covered_by_catastro,residential,,2
way/217845162,197.13,0.9998,true,covered_by_catastro,residential,,2
way/217845163,136.10,0.5172,false,covered_by_catastro,detached,,3
way/217845164,450.61,0.9110,true,covered_by_catastro,residential,,1
way/217845170,127.02,0.9768,true,covered_by_catastro,yes,,
way/217845186,200.28,0.9998,true,covered_by_catastro,yes,,2
way/217845191,313.78,0.9998,true,covered_by_catastro,,,1
way/217845206,224.04,0.9669,true,covered_by_catastro,residential,,2
way/217845212,884.45,0.9673,true,covered_by_catastro,residential,,1
way/217845213,202.78,0.9997,true,covered_by_catastro,house,,2
way/264213419,32.86,0.8761,true,covered_by_catastro,warehouse,,5
way/264213420,134.32,0.9232,true,covered_by_catastro,yes,,
way/264213421,63.03,0.9810,true,covered_by_catastro,yes,,
way/264214520,626.60,0.9689,true,covered_by_catastro,,,3
way/264214521,619.89,0.9732,true,covered_by_catastro,,,3
way/264214522,456.53,0.9956,true,covered_by_catastro,,,6
way/264279852,54.78,0.4904,true,covered_by_catastro,,,1
way/305848298,517.98,0.2898,false,covered_by_catastro,yes,,
way/363978411,136.78,0.8668,true,covered_by_catastro,yes,,1
way/628667760,574.01,0.9278,true,covered_by_catastro,yes,,
way/746931683,73.98,0.9998,true,covered_by_catastro,,,1
way/746931684,77.19,0.9999,true,covered_by_catastro,house,,1
way/746931695,92.39,0.9586,true,covered_by_catastro,house,,2
way/746931696,21.97,0.9993,true,covered_by_catastro,yes,,1
way/746931703,24.13,0.9998,true,covered_by_catastro,,,1
way/746931720,187.93,0.9998,true,covered_by_catastro,house,,1
way/746931729,34.19,0.9997,true,covered_by_catastro,,,1
way/746931752,23.45,0.9993,true,covered_by_catastro,residential,,1
way/746931762,150.53,0.9996,true,covered_by_catastro,,,1
way/746931767,17.21,0.9993,true,covered_by_catastro,,,1
way/788602571,1229.00,0.9787,true,covered_by_catastro,university,,3
way/788614725,1241.43,0.9525,true,covered_by_catastro,university,,3
way/789252361,1238.51,0.9576,true,covered_by_catastro,university,,3
way/792174534,1224.47,0.9673,true,covered_by_catastro,university,,3
way/792174535,1013.51,0.9342,true,covered_by_catastro,university,,3
way/802907727,34.78,0.9358,true,covered_by_catastro,bridge,,
way/804723642,251.92,0.9638,true,covered_by_catastro,bridge,,2
way/804723643,21.85,0.6803,true,covered_by_catastro,bridge,,3
way/804916136,572.03,0.7522,true,covered_by_catastro,yes,,
way/807828581,1427.65,0.9818,true,covered_by_catastro,university,,
way/807828582,1209.72,0.9792,true,covered_by_catastro,university,,
way/807828583,1244.24,0.9763,true,covered_by_catastro,university,,3
way/807828586,792.70,0.9747,true,covered_by_catastro,university,,
way/807828587,1283.02,0.9878,true,covered_by_catastro,university,,
way/906687698,168.75,0.9500,true,covered_by_catastro,university,,
way/949245520,58.20,0.9345,true,covered_by_catastro,,,2
way/951544051,196.89,0.9998,true,covered_by_catastro,,,2
way/951544053,163.18,0.9995,true,covered_by_catastro,,,2
way/951544065,52.25,1.0000,true,covered_by_catastro,,,2
way/1018648594,26.92,0.9991,true,covered_by_catastro,residential,,1
way/1018648595,116.27,0.9336,true,covered_by_catastro,residential,,2
way/1018648596,54.10,0.9850,true,covered_by_catastro,,,1
way/1018648597,188.32,0.9969,true,covered_by_catastro,residential,,1
way/1018648598,221.67,0.9999,true,covered_by_catastro,,,1
way/1018648600,58.33,0.9991,true,covered_by_catastro,residential,,2
way/1018648601,31.35,0.9997,true,covered_by_catastro,,,1
way/1018648602,33.11,1.0000,true,covered_by_catastro,,,1
way/1018648605,11.77,0.9990,true,covered_by_catastro,residential,,1
way/1018648608,65.52,0.9997,true,covered_by_catastro,,,1
way/1018648609,624.19,0.9998,true,covered_by_catastro,residential,,2
way/1018648612,127.90,0.9998,true,covered_by_catastro,,,1
way/1018648616,36.55,0.9994,true,covered_by_catastro,residential,,1
way/1018648617,28.11,0.7985,true,covered_by_catastro,,,1
way/1018648618,100.77,0.9872,true,covered_by_catastro,,,1
way/1018648619,22.75,0.9995,true,covered_by_catastro,,,1
way/1018648620,431.66,0.9996,true,covered_by_catastro,,,1
way/1018648621,69.79,0.7746,true,covered_by_catastro,residential,,2
way/1018648622,34.28,0.5578,false,covered_by_catastro,,,1
way/1108806149,478.07,0.9351,true,covered_by_catastro,university,,3
way/1113273986,1518.74,0.9981,true,covered_by_catastro,yes,,1
way/1113273987,3009.70,0.9960,true,covered_by_catastro,yes,,1
way/1115188335,4326.10,0.0000,false,kept_sceneBaker_fallback,construction,,
way/1127887636,1760.20,0.9294,true,covered_by_catastro,university,,2
way/1127887637,73.66,0.7940,true,covered_by_catastro,university,,
way/1127887638,61.50,0.6731,true,covered_by_catastro,university,,
way/1127906098,164.29,0.9236,true,covered_by_catastro,university,,
way/1127906099,171.12,0.8898,true,covered_by_catastro,university,,
way/1127906100,172.29,0.9116,true,covered_by_catastro,university,,
way/1127906101,155.70,0.8740,true,covered_by_catastro,university,,
way/1191197694,610.69,0.0000,false,kept_sceneBaker_fallback,yes,,
way/1191197695,90.04,0.0000,false,kept_sceneBaker_fallback,roof,,
way/1191197696,84.91,0.0000,false,kept_sceneBaker_fallback,roof,,
way/1191197699,36.87,0.0000,false,kept_sceneBaker_fallback,yes,,
way/1191197701,501.97,0.0000,false,kept_sceneBaker_fallback,yes,,
way/1191197702,918.33,0.0000,false,kept_sceneBaker_fallback,roof,,
way/1191224612,195.32,0.0000,false,kept_sceneBaker_fallback,roof,,
way/1191224613,71.93,0.0000,false,kept_sceneBaker_fallback,yes,,
way/1276211180,207.78,0.0000,false,kept_sceneBaker_fallback,greenhouse,,
way/1276211181,181.82,0.0000,false,kept_sceneBaker_fallback,greenhouse,,
way/1276211184,612.22,0.0000,false,kept_sceneBaker_fallback,greenhouse,,
way/1278499815,843.99,0.9963,true,covered_by_catastro,,,6
way/1278499816,289.03,0.9379,true,covered_by_catastro,,,1
way/1278499817,112.19,1.0000,true,covered_by_catastro,,,6
way/1278499818,1443.23,0.9626,true,covered_by_catastro,,,5
way/1278499821,2425.62,0.9948,true,covered_by_catastro,,,1
way/1278499822,353.39,0.9997,true,covered_by_catastro,,,2
way/1278499823,100.78,0.6135,true,covered_by_catastro,,,1
way/1278523238,696.07,0.9298,true,covered_by_catastro,roof,,
way/1278523239,51.96,0.9055,true,covered_by_catastro,roof,,
way/1278523240,52.05,0.9021,true,covered_by_catastro,roof,,
way/1278523241,116.60,0.9752,true,covered_by_catastro,roof,,
way/1278523242,51.99,0.9077,true,covered_by_catastro,roof,,
way/1278523243,77.04,0.9539,true,covered_by_catastro,roof,,
way/1278523252,171.83,0.8792,true,covered_by_catastro,,,2
way/1278523253,1042.04,0.9935,true,covered_by_catastro,,,3
way/1278523255,1012.81,0.9967,true,covered_by_catastro,,,3
way/1278523257,215.75,0.9086,true,covered_by_catastro,,,2
way/1278523258,105.19,0.9508,true,covered_by_catastro,roof,,
way/1278523260,222.13,0.9701,true,covered_by_catastro,yes,,
way/1278523261,222.13,0.9701,true,covered_by_catastro,,,1
way/1278782355,3307.04,0.9839,true,covered_by_catastro,,,2
way/1278782356,3159.80,0.9759,true,covered_by_catastro,,,2
way/1278782382,17.53,0.7172,true,covered_by_catastro,university,,
way/1278782383,52.74,0.8072,true,covered_by_catastro,university,,
way/1278782385,43.28,0.9594,true,covered_by_catastro,,,3
way/1278782386,86.35,0.8642,true,covered_by_catastro,,,2
way/1278782387,171.26,0.9309,true,covered_by_catastro,,,3
way/1278782394,502.16,0.9889,true,covered_by_catastro,,,3
way/1278782395,427.74,0.9891,true,covered_by_catastro,,,4
way/1278782396,491.29,0.9535,true,covered_by_catastro,,,3
way/1278782397,221.03,1.0000,true,covered_by_catastro,,,2
way/1278782398,189.61,1.0000,true,covered_by_catastro,,,3
way/1278782399,216.56,0.9594,true,covered_by_catastro,,,2
way/1278782403,10.31,0.9038,true,covered_by_catastro,,,2
way/1278782406,34.32,0.8982,true,covered_by_catastro,roof,,
way/1278782407,239.84,0.9992,true,covered_by_catastro,,,1
way/1278824344,291.26,1.9938,true,covered_by_catastro,,,2
way/1278824345,38.26,0.9917,true,covered_by_catastro,,,7
way/1278824347,293.29,0.9998,true,covered_by_catastro,,,4
way/1278824349,45.24,1.9870,true,covered_by_catastro,,,1
way/1278824354,1285.67,0.9994,true,covered_by_catastro,,,6
way/1278824355,252.48,0.9970,true,covered_by_catastro,,,7
way/1278824356,39.59,1.0000,true,covered_by_catastro,,,8
way/1278824357,173.44,0.9991,true,covered_by_catastro,,,1
way/1278824358,240.87,0.9987,true,covered_by_catastro,,,7
way/1278824359,168.16,0.9999,true,covered_by_catastro,,,1
way/1278824360,39.36,1.0000,true,covered_by_catastro,,,8
way/1278824361,257.35,0.9996,true,covered_by_catastro,,,7
way/1278824362,40.45,1.0000,true,covered_by_catastro,,,8
way/1278824363,238.00,0.9989,true,covered_by_catastro,,,7
way/1278824364,173.48,0.9996,true,covered_by_catastro,,,1
way/1278824365,39.81,1.0000,true,covered_by_catastro,,,8
way/1278824366,241.39,0.9994,true,covered_by_catastro,,,7
way/1278824367,41.73,1.0000,true,covered_by_catastro,,,8
way/1278824368,236.59,0.9994,true,covered_by_catastro,,,7
way/1278824369,170.83,1.0000,true,covered_by_catastro,,,1
way/1278824370,175.57,0.9999,true,covered_by_catastro,,,1
way/1453904945,134.15,0.9023,true,covered_by_catastro,service,,
