band_index,center_ghz,object_prefix,itu_type,source,relative_permittivity,conductivity_s_per_m,scattering_coefficient,rms_roughness_mm,alpha_r
0,3.85,BRICKS,brick,itu-r-p2040-3,3.91,0.029529131495593178,0.08349085026797085,4.0,10.0
0,3.85,CONCRETE,concrete,itu-r-p2040-3,5.24,0.13261399493618542,0.004753569870782876,3.0,1.0
0,3.85,GLASS,glass,itu-r-p2040-3,6.31,0.021901234832853323,0.001716954765225854,0.5,50.0
0,3.85,GRASS,very_dry_ground,itu-r-p2040-3_clamped,3.0,0.004481798195548945,0.24430130091470062,15.0,15.0
0,3.85,GRAVEL,medium_dry_ground,itu-r-p2040-3_clamped,13.108264200113322,0.31504241898945573,0.2563282443178784,12.0,5.0
0,3.85,GROUND,medium_dry_ground,itu-r-p2040-3_clamped,13.108264200113322,0.31504241898945573,0.21067614792445882,10.0,1.0
0,3.85,METAL,metal,itu-r-p2040-3,1.0,10000000.0,0.007198264405343172,1.0,3.0
0,3.85,PLASTIC,plasterboard,itu-r-p2040-3,2.73,0.030161940652864986,0.013943960298714347,1.5,20.0
0,3.85,CAR,metal,itu-r-p2040-3,1.0,10000000.0,0.0067483728800092225,1.0,4.0
1,7.0,BRICKS,brick,itu-r-p2040-3,3.91,0.03249321195267876,0.183209514191652,4.0,10.0
1,7.0,CONCRETE,concrete,itu-r-p2040-3,5.24,0.21167894505557697,0.01226740313990251,3.0,1.0
1,7.0,GLASS,glass,itu-r-p2040-3,6.31,0.0487783174272589,0.0056335366667482414,0.5,50.0
1,7.0,GRASS,very_dry_ground,itu-r-p2040-3_clamped,3.0,0.020218005944126077,0.24499999905299305,15.0,15.0
1,7.0,GRAVEL,medium_dry_ground,itu-r-p2040-3_clamped,12.347568809895664,0.8347911755816425,0.26249891625018573,12.0,5.0
1,7.0,GROUND,medium_dry_ground,itu-r-p2040-3_clamped,12.347568809895664,0.8347911755816425,0.22745850904467385,10.0,1.0
1,7.0,METAL,metal,itu-r-p2040-3,1.0,10000000.0,0.023098533235801764,1.0,3.0
1,7.0,PLASTIC,plasterboard,itu-r-p2040-3,2.73,0.052891822803589734,0.0431457233728167,1.5,20.0
1,7.0,CAR,metal,itu-r-p2040-3,1.0,10000000.0,0.021654874908564152,1.0,4.0
2,7.5,BRICKS,brick,itu-r-p2040-3,3.91,0.03285388701020195,0.19460286529497547,4.0,10.0
2,7.5,CONCRETE,concrete,itu-r-p2040-3,5.24,0.22341632088672284,0.01340285958739082,3.0,1.0
2,7.5,GLASS,glass,itu-r-p2040-3,6.31,0.053500711408910974,0.006456820406589288,0.5,50.0
2,7.5,GRASS,very_dry_ground,itu-r-p2040-3_clamped,3.0,0.024057231246320497,0.24499999994609856,15.0,15.0
2,7.5,GRAVEL,medium_dry_ground,itu-r-p2040-3_clamped,12.262672585558603,0.934152765151109,0.26249982690394935,12.0,5.0
2,7.5,GROUND,medium_dry_ground,itu-r-p2040-3_clamped,12.262672585558603,0.934152765151109,0.227488392734755,10.0,1.0
2,7.5,METAL,metal,itu-r-p2040-3,1.0,10000000.0,0.026350408570044954,1.0,3.0
2,7.5,PLASTIC,plasterboard,itu-r-p2040-3,2.73,0.05643375945315209,0.04884904551251855,1.5,20.0
2,7.5,CAR,metal,itu-r-p2040-3,1.0,10000000.0,0.024703508034417142,1.0,4.0
3,10.25,BRICKS,brick,itu-r-p2040-3,3.91,0.03453764931703566,0.23222236224396461,4.0,10.0
3,10.25,CONCRETE,concrete,itu-r-p2040-3,5.24,0.28525297535946803,0.01843029663070324,3.0,1.0
3,10.25,GLASS,glass,itu-r-p2040-3,6.31,0.08129541381490357,0.011932062013822348,0.5,50.0
3,10.25,GRASS,very_dry_ground,itu-r-p2040-3_clamped,3.0,0.049669668222388656,0.24499999999999997,15.0,15.0
3,10.25,GRAVEL,medium_dry_ground,itu-r-p2040-3_clamped,11.914923520864223,1.493028315805574,0.2624999999992506,12.0,5.0
3,10.25,GROUND,medium_dry_ground,itu-r-p2040-3_clamped,11.914923520864223,1.493028315805574,0.22749999781219077,10.0,1.0
3,10.25,METAL,metal,itu-r-p2040-3,1.0,10000000.0,0.04719855133304147,1.0,3.0
3,10.25,PLASTIC,plasterboard,itu-r-p2040-3,2.73,0.07568224342678302,0.08327237258179854,1.5,20.0
3,10.25,CAR,metal,itu-r-p2040-3,1.0,10000000.0,0.04424864187472638,1.0,4.0
4,13.0,BRICKS,brick,itu-r-p2040-3,3.91,0.03587632036031668,0.24288245279551127,4.0,10.0
4,13.0,CONCRETE,concrete,itu-r-p2040-3,5.24,0.3435330029465244,0.021178347247291552,3.0,1.0
4,13.0,GLASS,glass,itu-r-p2040-3,6.31,0.11176819229677032,0.01892853831688632,0.5,50.0
4,13.0,GRASS,very_dry_ground,itu-r-p2040-3_clamped,3.0,0.049669668222388656,0.24499999999999997,15.0,15.0
4,13.0,GRAVEL,medium_dry_ground,itu-r-p2040-3_clamped,11.914923520864223,1.493028315805574,0.26249999999999996,12.0,5.0
4,13.0,GROUND,medium_dry_ground,itu-r-p2040-3_clamped,11.914923520864223,1.493028315805574,0.2274999999999711,10.0,1.0
4,13.0,METAL,metal,itu-r-p2040-3,1.0,10000000.0,0.07193682131105739,1.0,3.0
4,13.0,PLASTIC,plasterboard,itu-r-p2040-3,2.73,0.09461689789898961,0.11939414518356163,1.5,20.0
4,13.0,CAR,metal,itu-r-p2040-3,1.0,10000000.0,0.06744076997911629,1.0,4.0
5,15.0,BRICKS,brick,itu-r-p2040-3,3.91,0.03670722539217662,0.24456134293405682,4.0,10.0
5,15.0,CONCRETE,concrete,itu-r-p2040-3,5.24,0.3842205226123825,0.02210170769929083,3.0,1.0
5,15.0,GLASS,glass,itu-r-p2040-3,6.31,0.1353814412276687,0.024897082004431467,0.5,50.0
5,15.0,GRASS,very_dry_ground,itu-r-p2040-3_clamped,3.0,0.049669668222388656,0.24499999999999997,15.0,15.0
5,15.0,GRAVEL,medium_dry_ground,itu-r-p2040-3_clamped,11.914923520864223,1.493028315805574,0.26249999999999996,12.0,5.0
5,15.0,GROUND,medium_dry_ground,itu-r-p2040-3_clamped,11.914923520864223,1.493028315805574,0.22749999999999998,10.0,1.0
5,15.0,METAL,metal,itu-r-p2040-3,1.0,10000000.0,0.09143474463228679,1.0,3.0
5,15.0,PLASTIC,plasterboard,itu-r-p2040-3,2.73,0.1082322441858175,0.14433848787375606,1.5,20.0
5,15.0,CAR,metal,itu-r-p2040-3,1.0,10000000.0,0.08572007309276886,1.0,4.0
6,77.0,BRICKS,brick,itu-r-p2040-3,3.91,0.047688698837299336,0.24499999999999997,4.0,10.0
6,77.0,CONCRETE,concrete,itu-r-p2040-3,5.24,1.3811950740222534,0.22749999999999998,3.0,1.0
6,77.0,GLASS,glass,itu-r-p2040-3,6.31,1.2107881951756656,0.24499999999999997,0.5,50.0
6,77.0,GRASS,very_dry_ground,itu-r-p2040-3_clamped,3.0,0.049669668222388656,0.24499999999999997,15.0,15.0
6,77.0,GRAVEL,medium_dry_ground,itu-r-p2040-3_clamped,11.914923520864223,1.493028315805574,0.26249999999999996,12.0,5.0
6,77.0,GROUND,medium_dry_ground,itu-r-p2040-3_clamped,11.914923520864223,1.493028315805574,0.22749999999999998,10.0,1.0
6,77.0,METAL,metal,itu-r-p2040-3,1.0,10000000.0,0.27999999999999997,1.0,3.0
6,77.0,PLASTIC,plasterboard,itu-r-p2040-3,2.73,0.5032420954176583,0.24499999999999997,1.5,20.0
6,77.0,CAR,metal,itu-r-p2040-3,1.0,10000000.0,0.26249999999999996,1.0,4.0
