angle_deg,700MHz_H_plane_dB,700MHz_V_plane_dB,3GHz_H_plane_dB,3GHz_V_plane_dB,6GHz_H_plane_dB,6GHz_V_plane_dB,9GHz_H_plane_dB,9GHz_V_plane_dB,12GHz_H_plane_dB,12GHz_V_plane_dB,15GHz_H_plane_dB,15GHz_V_plane_dB
0,2.535,3.708,9.674,9.667,12.897,12.897,12.92,13.11,13.183,13.583,10.84,14.483
1,2.534,3.739,9.7,9.667,12.897,12.897,12.924,13.12,13.117,13.528,9.923,14.765
2,2.539,3.754,9.744,9.667,12.897,12.897,12.967,13.167,13.177,13.496,9.835,14.828
3,2.543,3.771,9.771,9.667,12.897,12.897,13.058,13.253,13.208,13.503,9.83,14.833
4,2.545,3.792,9.777,9.667,12.897,12.897,13.053,13.344,13.211,13.569,9.792,14.833
5,2.552,3.807,9.771,9.665,12.897,12.897,12.916,13.43,13.202,13.68,9.708,14.833
6,2.56,3.819,9.744,9.656,12.897,12.897,12.731,13.476,13.104,13.761,9.67,14.833
7,2.551,3.839,9.694,9.628,12.897,12.897,12.546,13.487,12.867,13.842,9.667,14.833
8,2.51,3.875,9.639,9.581,12.897,12.897,12.4,13.487,12.701,13.945,9.667,14.833
9,2.458,3.91,9.582,9.527,12.897,12.897,12.301,13.487,12.617,13.971,9.67,14.833
10,2.427,3.93,9.521,9.469,12.897,12.897,12.112,13.475,12.413,13.897,9.708,14.823
11,2.428,3.936,9.431,9.394,12.897,12.897,11.829,13.419,12.038,13.803,9.791,14.773
12,2.452,3.937,9.299,9.283,12.897,12.897,11.553,13.285,11.694,13.728,9.822,14.657
13,2.488,3.936,9.138,9.134,12.897,12.897,11.262,13.097,11.306,13.648,9.723,14.51
14,2.522,3.93,8.974,8.965,12.897,12.897,10.982,12.863,10.696,13.532,9.264,14.394
15,2.55,3.91,8.819,8.791,12.897,12.897,10.647,12.599,10.018,13.34,8.303,14.344
16,2.557,3.875,8.715,8.642,12.897,12.897,10.273,12.364,9.504,13.113,7.034,14.334
17,2.541,3.84,8.688,8.54,12.897,12.897,9.903,12.164,9.061,12.895,5.553,14.333
18,2.516,3.82,8.74,8.461,12.897,12.897,9.599,11.964,8.406,12.66,4.224,14.322
19,2.494,3.814,8.849,8.369,12.897,12.897,9.271,11.729,7.271,12.419,3.261,14.264
20,2.481,3.813,8.92,8.248,12.897,12.897,8.602,11.464,5.908,12.173,2.319,14.115
21,2.461,3.812,8.907,8.12,12.894,12.897,7.819,11.219,4.447,11.908,1.246,13.92
22,2.429,3.806,8.848,8.0,12.859,12.897,7.05,10.983,2.962,11.639,0.05,13.703
23,2.401,3.791,8.737,7.876,12.676,12.897,6.203,10.741,1.729,11.289,-1.015,13.327
24,2.378,3.765,8.581,7.73,12.248,12.896,5.202,10.471,0.5,10.84,-1.677,12.773
25,2.371,3.734,8.409,7.555,11.737,12.89,4.115,10.085,-0.923,10.383,-1.878,12.12
26,2.376,3.702,8.202,7.38,11.303,12.859,2.779,9.709,-2.703,9.893,-1.605,11.296
27,2.368,3.666,7.919,7.224,10.856,12.787,1.098,9.491,-4.882,9.358,-0.913,10.363
28,2.335,3.619,7.549,7.075,10.401,12.684,-0.761,9.331,-6.965,8.823,-0.273,9.526
29,2.292,3.562,7.157,6.919,9.927,12.55,-2.649,9.04,-8.673,8.333,0.056,8.927
30,2.246,3.5,6.819,6.745,9.228,12.375,-4.543,8.564,-10.089,7.875,0.022,8.534
31,2.199,3.438,6.53,6.522,8.279,12.18,-5.682,8.044,-11.009,7.419,-0.349,8.289
32,2.16,3.381,6.256,6.267,6.96,11.994,-6.494,7.496,-11.468,7.043,-0.875,8.188
33,2.127,3.333,6.005,6.059,5.612,11.798,-7.477,7.006,-11.615,6.754,-1.45,8.168
34,2.084,3.292,5.757,5.896,4.484,11.551,-7.797,6.648,-11.525,6.519,-1.898,8.165
35,2.036,3.244,5.427,5.73,3.585,11.289,-7.159,6.35,-11.096,6.346,-2.083,8.145
36,1.994,3.185,4.939,5.574,2.68,11.071,-6.048,6.065,-10.184,6.225,-2.178,8.036
37,1.958,3.118,4.332,5.433,1.523,10.858,-5.506,5.759,-9.42,6.084,-2.546,7.772
38,1.922,3.034,3.707,5.275,-0.351,10.549,-5.378,5.377,-9.102,5.809,-2.992,7.433
39,1.887,2.931,3.118,5.074,-2.428,10.156,-5.284,4.915,-8.992,5.4,-3.171,7.133
40,1.854,2.819,2.547,4.865,-4.127,9.697,-5.343,4.559,-9.055,4.976,-3.041,6.836
41,1.817,2.714,1.938,4.701,-5.59,9.344,-6.088,4.369,-9.289,4.607,-2.58,6.427
42,1.762,2.62,1.204,4.591,-6.567,9.066,-8.015,4.211,-9.452,4.214,-2.344,5.929
43,1.672,2.522,0.303,4.482,-6.93,8.777,-10.238,4.011,-9.495,3.659,-2.201,5.62
44,1.555,2.417,-0.729,4.3,-7.044,8.498,-11.942,3.731,-9.53,3.046,-1.879,5.575
45,1.442,2.324,-1.899,4.031,-7.259,8.171,-12.699,3.391,-9.602,2.602,-1.644,5.676
46,1.358,2.244,-3.196,3.746,-7.641,7.865,-12.927,3.109,-9.671,2.349,-1.719,5.809
47,1.306,2.153,-4.512,3.47,-8.016,7.685,-12.983,2.88,-9.808,2.144,-1.921,5.826
48,1.269,2.034,-5.796,3.152,-8.321,7.613,-13.039,2.607,-10.008,1.87,-1.738,5.513
49,1.214,1.895,-7.133,2.772,-8.532,7.561,-13.233,2.301,-10.149,1.53,-1.001,4.827
50,1.132,1.756,-8.526,2.369,-8.656,7.491,-13.602,2.039,-10.262,1.242,-0.621,4.07
51,1.052,1.625,-9.82,1.969,-8.598,7.44,-14.079,1.733,-10.54,1.078,-0.679,3.367
52,0.999,1.493,-10.954,1.583,-8.188,7.389,-14.582,1.336,-11.025,0.965,-0.879,2.51
53,0.964,1.345,-11.881,1.254,-7.517,7.32,-15.127,0.89,-11.679,0.868,-1.171,1.551
54,0.916,1.17,-12.477,1.008,-7.106,7.277,-15.703,0.369,-12.614,0.801,-1.511,0.63
55,0.833,0.972,-12.786,0.796,-7.037,7.258,-16.761,-0.217,-13.834,0.765,-1.959,-0.107
56,0.726,0.784,-12.991,0.604,-7.036,7.206,-17.967,-0.626,-15.156,0.711,-2.538,-0.499
57,0.62,0.645,-13.142,0.477,-6.908,7.085,-18.419,-0.809,-16.232,0.395,-2.944,-0.732
58,0.522,0.538,-13.215,0.398,-6.88,6.913,-18.418,-0.873,-17.077,-0.207,-3.182,-1.01
59,0.421,0.43,-13.262,0.294,-7.068,6.687,-18.325,-0.918,-17.883,-0.74,-3.584,-1.324
60,0.317,0.305,-13.34,0.113,-7.622,6.356,-18.29,-1.097,-18.343,-1.23,-4.63,-1.607
61,0.232,0.166,-13.445,-0.147,-8.723,5.829,-18.372,-1.51,-18.891,-1.777,-6.402,-1.836
62,0.176,0.02,-13.555,-0.412,-9.942,5.108,-18.548,-1.99,-19.778,-2.283,-8.5,-2.088
63,0.133,-0.125,-13.66,-0.595,-10.89,4.495,-18.501,-2.387,-20.299,-2.696,-10.583,-2.482
64,0.084,-0.272,-13.744,-0.711,-11.675,4.23,-18.183,-2.743,-20.463,-2.894,-12.196,-2.935
65,0.023,-0.429,-13.812,-0.836,-12.48,4.178,-17.959,-2.986,-20.501,-2.867,-12.825,-3.173
66,-0.035,-0.6,-13.904,-1.001,-13.162,4.161,-17.904,-3.147,-20.504,-2.711,-12.825,-3.153
67,-0.086,-0.782,-14.069,-1.171,-13.499,4.072,-17.904,-3.262,-20.498,-2.417,-12.716,-3.061
68,-0.141,-0.966,-14.384,-1.297,-13.585,3.775,-17.951,-3.285,-20.432,-2.057,-12.738,-3.033
69,-0.2,-1.137,-14.876,-1.354,-13.342,3.289,-18.088,-3.298,-20.261,-1.92,-13.092,-3.141
70,-0.262,-1.272,-15.418,-1.345,-12.811,2.853,-18.226,-3.476,-20.095,-2.108,-13.799,-3.445
71,-0.332,-1.367,-15.871,-1.294,-12.206,2.594,-18.273,-3.784,-19.957,-2.5,-14.386,-3.854
72,-0.405,-1.442,-16.16,-1.222,-11.043,2.517,-18.286,-4.006,-19.854,-2.984,-15.122,-4.239
73,-0.468,-1.521,-16.318,-1.148,-9.371,2.484,-18.393,-4.083,-19.816,-3.547,-16.113,-4.737
74,-0.515,-1.603,-16.411,-1.087,-7.986,2.249,-18.798,-4.096,-19.776,-3.989,-16.599,-5.442
75,-0.56,-1.675,-16.485,-1.041,-7.334,1.735,-19.355,-4.098,-19.638,-4.205,-16.817,-6.102
76,-0.624,-1.727,-16.608,-1.026,-7.248,1.072,-19.579,-4.109,-19.407,-4.309,-17.379,-6.548
77,-0.713,-1.764,-16.812,-1.067,-7.627,0.377,-19.591,-4.17,-19.201,-4.452,-18.196,-6.847
78,-0.827,-1.791,-17.047,-1.187,-8.598,-0.215,-19.468,-4.354,-19.097,-4.751,-18.595,-7.03
79,-0.963,-1.806,-17.276,-1.397,-9.785,-0.541,-18.869,-4.771,-18.991,-5.196,-18.655,-7.165
80,-1.096,-1.814,-17.6,-1.677,-10.832,-0.673,-17.685,-5.38,-18.894,-5.672,-18.564,-7.283
81,-1.193,-1.83,-18.079,-2.009,-11.698,-0.756,-16.467,-5.85,-18.9,-6.256,-18.197,-7.373
82,-1.253,-1.886,-18.656,-2.441,-12.077,-0.808,-15.417,-6.013,-19.082,-6.92,-17.587,-7.45
83,-1.31,-2.006,-19.284,-3.038,-12.128,-0.869,-14.956,-5.921,-19.551,-7.492,-17.106,-7.508
84,-1.402,-2.155,-19.826,-3.708,-11.952,-0.99,-14.883,-5.779,-20.26,-7.904,-16.936,-7.654
85,-1.542,-2.265,-20.153,-4.223,-11.363,-1.151,-14.921,-5.883,-20.83,-8.139,-17.068,-8.207
86,-1.698,-2.323,-20.324,-4.473,-10.57,-1.312,-15.016,-6.266,-21.145,-8.19,-17.504,-9.294
87,-1.815,-2.359,-20.437,-4.544,-10.027,-1.432,-15.059,-6.654,-21.292,-8.122,-18.162,-10.395
88,-1.898,-2.39,-20.522,-4.555,-9.84,-1.474,-15.068,-6.905,-21.362,-8.081,-18.602,-11.032
89,-1.979,-2.416,-20.582,-4.558,-9.871,-1.443,-15.133,-7.02,-21.43,-8.256,-18.784,-11.322
90,-2.074,-2.432,-20.633,-4.572,-9.867,-1.379,-15.498,-6.957,-21.424,-8.659,-18.829,-11.563
91,-2.193,-2.444,-20.66,-4.631,-9.785,-1.387,-16.628,-6.865,-21.293,-9.032,-18.833,-12.035
92,-2.319,-2.465,-20.666,-4.778,-9.758,-1.635,-18.664,-7.195,-21.093,-9.224,-18.833,-12.868
93,-2.424,-2.501,-20.666,-5.017,-9.891,-2.223,-20.782,-8.059,-20.955,-9.187,-18.833,-13.628
94,-2.528,-2.542,-20.66,-5.298,-10.371,-2.95,-22.148,-8.913,-20.879,-9.064,-18.825,-13.72
95,-2.653,-2.576,-20.633,-5.578,-11.191,-3.529,-22.741,-9.285,-20.701,-9.225,-18.712,-13.254
96,-2.809,-2.604,-20.582,-5.837,-11.991,-3.856,-22.995,-9.271,-20.047,-9.732,-18.132,-12.741
97,-3.034,-2.626,-20.528,-6.05,-12.202,-4.007,-23.141,-9.126,-18.522,-10.244,-16.852,-12.332
98,-3.31,-2.651,-20.472,-6.207,-12.003,-4.057,-23.189,-9.036,-16.758,-10.512,-15.394,-12.09
99,-3.537,-2.689,-20.417,-6.329,-11.659,-4.011,-23.193,-9.025,-15.561,-10.603,-14.156,-12.013
100,-3.669,-2.73,-20.361,-6.433,-11.031,-3.762,-23.193,-9.069,-15.063,-10.704,-13.364,-12.001
101,-3.741,-2.772,-20.305,-6.518,-10.321,-3.34,-23.193,-9.145,-14.907,-10.94,-13.061,-12.001
102,-3.812,-2.825,-20.241,-6.591,-10.023,-3.039,-23.189,-9.191,-14.916,-11.303,-13.008,-12.011
103,-3.919,-2.898,-20.129,-6.665,-10.043,-2.864,-23.146,-9.202,-15.181,-11.747,-13.049,-12.062
104,-4.057,-2.985,-19.894,-6.731,-10.035,-2.709,-23.051,-9.213,-16.014,-12.238,-13.216,-12.196
105,-4.194,-3.077,-19.59,-6.778,-9.914,-2.602,-22.996,-9.258,-17.342,-12.677,-13.5,-12.424
106,-4.321,-3.167,-19.383,-6.826,-9.793,-2.632,-22.862,-9.333,-18.409,-12.904,-13.784,-12.673
107,-4.454,-3.25,-19.219,-6.902,-9.797,-2.904,-22.579,-9.369,-19.181,-12.758,-13.951,-12.803
108,-4.594,-3.332,-18.856,-7.004,-9.953,-3.426,-22.454,-9.338,-19.694,-12.236,-13.996,-12.832
109,-4.742,-3.418,-18.185,-7.126,-10.121,-3.945,-22.485,-9.318,-19.907,-11.653,-13.996,-12.843
110,-4.901,-3.5,-17.359,-7.283,-10.078,-4.187,-22.583,-9.556,-19.951,-11.255,-13.958,-12.882
111,-5.05,-3.583,-16.508,-7.494,-9.969,-4.2,-22.669,-10.196,-19.954,-11.026,-13.887,-12.923
112,-5.162,-3.669,-15.683,-7.739,-10.02,-4.037,-22.75,-11.029,-19.967,-11.005,-13.982,-12.801
113,-5.234,-3.758,-14.906,-7.961,-10.371,-3.764,-22.579,-11.844,-20.138,-11.207,-14.45,-12.295
114,-5.295,-3.867,-14.092,-8.108,-11.074,-3.609,-21.77,-12.611,-20.893,-11.51,-15.323,-11.527
115,-5.364,-4.009,-13.214,-8.146,-11.913,-3.632,-20.616,-13.195,-22.143,-11.768,-16.272,-10.974
116,-5.432,-4.174,-12.297,-8.096,-12.335,-3.791,-20.116,-13.356,-22.832,-11.916,-16.629,-10.758
117,-5.482,-4.349,-11.377,-8.009,-12.355,-4.026,-20.13,-13.172,-22.972,-12.007,-16.621,-10.792
118,-5.519,-4.532,-10.631,-7.928,-12.327,-4.297,-20.211,-12.986,-22.981,-12.229,-16.505,-11.15
119,-5.56,-4.718,-10.256,-7.866,-12.359,-4.765,-20.305,-13.113,-22.982,-12.729,-16.465,-11.917
120,-5.621,-4.901,-10.217,-7.828,-12.405,-5.515,-20.306,-13.515,-22.978,-13.355,-16.971,-12.993
121,-5.7,-5.078,-10.388,-7.828,-12.359,-6.216,-20.215,-13.836,-22.938,-13.897,-18.079,-14.18
122,-5.78,-5.254,-10.666,-7.87,-12.323,-6.668,-20.172,-14.078,-22.76,-14.297,-18.705,-15.106
123,-5.839,-5.433,-10.938,-7.954,-12.316,-7.168,-20.168,-14.68,-22.362,-14.512,-18.825,-15.532
124,-5.876,-5.61,-11.08,-8.107,-12.273,-7.919,-20.168,-15.928,-21.887,-14.582,-18.829,-15.601
125,-5.911,-5.79,-11.01,-8.338,-12.148,-8.595,-20.164,-17.588,-21.621,-14.665,-18.792,-15.552
126,-5.955,-5.971,-10.777,-8.593,-12.023,-8.888,-20.111,-19.302,-21.506,-15.036,-18.708,-15.55
127,-6.007,-6.129,-10.539,-8.868,-11.98,-8.896,-19.885,-20.574,-21.471,-15.886,-18.67,-15.711
128,-6.062,-6.257,-10.435,-9.267,-11.976,-8.97,-19.166,-20.904,-21.471,-16.957,-18.667,-16.019
129,-6.093,-6.398,-10.501,-9.858,-11.972,-9.478,-17.896,-20.273,-21.502,-17.909,-18.667,-16.274
130,-6.085,-6.583,-10.688,-10.525,-11.929,-10.386,-16.988,-18.987,-21.571,-18.553,-18.674,-16.481
131,-6.06,-6.774,-10.963,-11.062,-11.796,-11.173,-16.396,-17.689,-21.606,-18.876,-18.754,-16.732
132,-6.047,-6.917,-11.299,-11.387,-11.589,-11.596,-15.923,-16.942,-21.643,-19.146,-18.958,-16.911
133,-6.054,-7.026,-11.606,-11.581,-11.332,-11.852,-15.639,-16.688,-21.743,-19.575,-19.117,-16.938
134,-6.072,-7.142,-11.8,-11.725,-11.121,-12.095,-15.446,-16.738,-21.846,-20.125,-19.155,-16.883
135,-6.085,-7.278,-11.867,-11.813,-10.945,-12.297,-15.308,-17.047,-21.912,-20.674,-19.057,-16.843
136,-6.09,-7.402,-11.847,-11.811,-10.773,-12.402,-15.312,-17.535,-21.984,-21.108,-18.617,-16.834
137,-6.091,-7.473,-11.764,-11.713,-10.59,-12.305,-15.493,-18.089,-22.015,-21.476,-17.879,-16.832
138,-6.085,-7.496,-11.626,-11.541,-10.3,-11.862,-15.772,-18.655,-22.015,-21.843,-17.39,-16.819
139,-6.069,-7.5,-11.437,-11.333,-9.868,-11.136,-16.005,-19.212,-21.977,-22.074,-17.061,-16.725
140,-6.048,-7.5,-11.214,-11.123,-9.535,-10.281,-16.253,-19.731,-21.834,-22.143,-16.458,-16.417
141,-6.034,-7.497,-10.954,-10.924,-9.231,-9.223,-17.036,-20.204,-21.527,-22.133,-15.637,-15.989
142,-6.031,-7.479,-10.635,-10.697,-8.981,-8.207,-18.797,-20.648,-21.049,-21.987,-15.242,-15.809
143,-6.03,-7.423,-10.316,-10.332,-8.938,-7.691,-20.297,-21.149,-20.501,-21.474,-15.22,-15.984
144,-6.026,-7.32,-10.128,-9.808,-9.078,-7.816,-20.838,-21.905,-19.92,-20.514,-15.375,-16.464
145,-6.018,-7.199,-10.101,-9.273,-9.442,-8.304,-20.915,-22.75,-19.31,-19.473,-15.579,-17.25
146,-6.004,-7.088,-10.168,-8.862,-10.038,-8.75,-20.872,-23.233,-18.838,-18.786,-15.659,-18.157
147,-5.982,-6.986,-10.364,-8.604,-10.36,-9.016,-20.721,-23.364,-18.663,-18.608,-15.663,-18.744
148,-5.954,-6.854,-10.765,-8.439,-10.382,-8.978,-20.392,-23.38,-18.719,-18.842,-15.629,-18.841
149,-5.924,-6.665,-11.347,-8.286,-10.308,-8.673,-19.398,-23.37,-18.816,-19.411,-15.614,-18.467
150,-5.895,-6.431,-12.075,-8.111,-10.348,-8.371,-17.677,-23.314,-18.85,-20.118,-16.0,-17.668
151,-5.871,-6.189,-12.857,-7.935,-10.515,-8.259,-16.64,-23.181,-18.853,-20.595,-17.08,-16.736
152,-5.854,-5.985,-13.45,-7.778,-10.602,-8.562,-16.422,-23.003,-18.853,-20.925,-18.215,-16.031
153,-5.835,-5.855,-13.88,-7.622,-10.695,-9.403,-16.581,-22.814,-18.853,-21.365,-18.583,-15.728
154,-5.796,-5.775,-14.34,-7.458,-10.953,-10.55,-17.001,-22.614,-18.85,-21.931,-18.496,-15.639
155,-5.734,-5.697,-14.822,-7.323,-11.285,-11.529,-17.258,-22.368,-18.806,-22.553,-18.337,-15.474
156,-5.664,-5.595,-15.267,-7.267,-11.585,-12.009,-17.177,-22.047,-18.609,-23.122,-18.208,-15.076
157,-5.598,-5.433,-15.662,-7.316,-11.796,-12.131,-16.424,-21.681,-18.265,-23.563,-18.124,-14.51
158,-5.535,-5.201,-15.933,-7.502,-11.933,-12.148,-15.026,-21.314,-17.999,-23.86,-17.963,-13.974
159,-5.472,-4.959,-16.068,-7.819,-12.019,-12.158,-14.272,-20.994,-17.746,-23.998,-17.454,-13.63
160,-5.412,-4.76,-16.129,-8.165,-12.148,-12.199,-14.196,-20.76,-17.433,-24.225,-16.501,-13.443
161,-5.362,-4.588,-16.141,-8.445,-12.273,-12.267,-14.514,-20.627,-16.995,-24.799,-15.909,-13.226
162,-5.335,-4.423,-16.058,-8.672,-12.316,-12.299,-15.218,-20.618,-16.483,-25.582,-15.671,-12.955
163,-5.332,-4.282,-15.887,-8.89,-12.32,-12.268,-15.996,-20.713,-16.113,-26.241,-15.5,-12.816
164,-5.331,-4.162,-15.7,-9.111,-12.324,-12.214,-16.661,-20.908,-15.87,-26.764,-15.33,-12.895
165,-5.312,-4.035,-15.523,-9.333,-12.371,-12.265,-17.135,-21.212,-15.773,-27.373,-15.125,-13.047
166,-5.27,-3.89,-15.334,-9.554,-12.554,-12.604,-17.559,-21.539,-15.908,-28.024,-14.879,-13.086
167,-5.209,-3.741,-15.158,-9.765,-12.972,-13.36,-18.317,-21.88,-16.267,-28.511,-14.72,-12.989
168,-5.139,-3.606,-15.047,-9.952,-13.604,-14.478,-19.449,-22.249,-16.896,-28.726,-14.716,-12.848
169,-5.066,-3.493,-15.007,-10.109,-14.104,-15.802,-19.928,-22.626,-17.836,-28.8,-14.83,-12.794
170,-4.996,-3.397,-14.994,-10.257,-14.319,-17.092,-19.926,-23.004,-18.707,-28.858,-14.913,-13.081
171,-4.929,-3.313,-14.96,-10.407,-14.287,-17.932,-19.79,-23.381,-19.638,-28.891,-14.868,-13.947
172,-4.872,-3.23,-14.88,-10.544,-14.073,-18.122,-19.652,-23.737,-20.442,-28.898,-14.792,-15.185
173,-4.832,-3.145,-14.755,-10.663,-13.831,-17.961,-19.605,-24.001,-20.786,-28.899,-14.671,-16.223
174,-4.806,-3.063,-14.531,-10.763,-13.609,-17.631,-19.601,-24.114,-20.736,-28.899,-14.61,-16.742
175,-4.788,-2.981,-14.12,-10.826,-13.483,-17.101,-19.601,-24.126,-20.542,-28.899,-14.918,-16.865
176,-4.775,-2.901,-13.534,-10.826,-13.351,-16.484,-19.601,-24.081,-20.408,-28.9,-15.883,-16.63
177,-4.762,-2.832,-12.868,-10.763,-13.226,-16.007,-19.601,-23.992,-20.367,-28.907,-17.493,-16.145
178,-4.76,-2.767,-12.218,-10.667,-13.182,-15.809,-19.601,-23.855,-20.326,-28.94,-19.215,-15.866
179,-4.781,-2.689,-11.648,-10.572,-13.171,-15.799,-19.601,-23.529,-20.192,-28.995,-20.155,-15.969
180,-4.853,-2.617,-11.12,-10.521,-13.093,-15.801,-19.601,-22.875,-19.992,-29.029,-20.442,-16.283
181,-5.016,-2.577,-10.643,-10.563,-12.925,-15.642,-19.597,-21.913,-19.857,-29.036,-20.492,-16.577
182,-5.247,-2.565,-10.284,-10.729,-12.89,-15.236,-19.553,-20.789,-19.82,-29.037,-20.432,-16.71
183,-5.455,-2.563,-10.056,-11.013,-13.015,-14.663,-19.459,-19.825,-19.813,-29.037,-20.074,-16.693
184,-5.627,-2.561,-9.943,-11.358,-13.226,-14.132,-19.411,-19.154,-19.782,-29.045,-19.338,-16.586
185,-5.796,-2.555,-9.93,-11.658,-13.546,-13.632,-19.347,-18.611,-19.713,-29.086,-18.476,-16.341
186,-5.918,-2.535,-9.969,-11.86,-14.097,-13.105,-19.064,-18.253,-19.682,-29.174,-17.38,-15.994
187,-5.873,-2.5,-10.015,-11.996,-15.03,-12.767,-18.466,-17.967,-19.679,-29.263,-16.75,-15.771
188,-5.613,-2.464,-10.128,-12.111,-15.963,-12.636,-17.865,-17.624,-19.679,-29.303,-16.554,-15.791
189,-5.247,-2.439,-10.395,-12.22,-16.681,-12.595,-17.534,-17.31,-19.676,-29.311,-16.546,-16.124
190,-4.933,-2.419,-10.793,-12.32,-17.286,-12.612,-17.336,-17.092,-19.641,-29.312,-16.629,-16.72
191,-4.748,-2.403,-11.255,-12.394,-17.54,-12.602,-17.195,-17.034,-19.535,-29.312,-16.712,-17.201
192,-4.677,-2.409,-11.723,-12.429,-17.505,-12.532,-17.147,-17.093,-19.369,-29.313,-16.879,-17.246
193,-4.672,-2.446,-12.087,-12.428,-17.368,-12.45,-17.147,-17.198,-19.166,-29.32,-17.121,-16.979
194,-4.692,-2.501,-12.27,-12.379,-16.931,-12.373,-17.195,-17.481,-19.035,-29.353,-17.284,-16.735
195,-4.721,-2.563,-12.31,-12.258,-16.037,-12.34,-17.336,-17.912,-19.029,-29.408,-17.329,-16.57
196,-4.767,-2.626,-12.244,-12.046,-14.908,-12.372,-17.517,-18.069,-19.094,-29.441,-17.322,-16.384
197,-4.841,-2.694,-12.043,-11.763,-13.886,-12.44,-17.667,-17.808,-19.109,-29.449,-17.204,-16.235
198,-4.935,-2.772,-11.689,-11.44,-13.238,-12.481,-17.809,-17.147,-18.928,-29.45,-16.906,-16.158
199,-5.027,-2.86,-11.209,-11.096,-12.8,-12.481,-18.105,-16.041,-18.29,-29.45,-16.59,-16.067
200,-5.095,-2.954,-10.687,-10.713,-12.414,-12.451,-18.553,-14.913,-17.384,-29.45,-16.25,-15.933
201,-5.148,-3.053,-10.231,-10.261,-12.21,-12.442,-19.024,-14.405,-16.748,-29.45,-16.004,-15.842
202,-5.207,-3.161,-9.895,-9.739,-12.238,-12.542,-19.197,-14.576,-16.458,-29.45,-15.792,-15.775
203,-5.287,-3.272,-9.58,-9.196,-12.394,-12.657,-19.128,-15.076,-16.383,-29.45,-15.546,-15.667
204,-5.376,-3.376,-9.168,-8.691,-12.347,-12.592,-18.94,-15.516,-16.376,-29.45,-15.383,-15.561
205,-5.457,-3.485,-8.666,-8.234,-12.003,-12.293,-18.87,-15.888,-16.379,-29.45,-15.341,-15.523
206,-5.532,-3.617,-8.16,-7.83,-11.55,-11.892,-19.034,-16.289,-16.414,-29.449,-15.383,-15.58
207,-5.612,-3.767,-7.735,-7.541,-11.031,-11.644,-19.411,-16.508,-16.517,-29.447,-15.546,-15.767
208,-5.691,-3.922,-7.455,-7.433,-10.605,-11.6,-19.588,-16.506,-16.655,-29.412,-15.792,-16.004
209,-5.756,-4.077,-7.315,-7.513,-10.223,-11.778,-19.648,-16.421,-16.861,-29.211,-15.992,-16.106
210,-5.808,-4.229,-7.224,-7.717,-9.887,-12.169,-19.747,-16.447,-17.453,-28.684,-16.083,-15.999
211,-5.869,-4.375,-7.151,-7.934,-9.84,-12.631,-19.833,-16.662,-18.547,-28.021,-15.726,-15.698
212,-5.936,-4.523,-7.118,-8.108,-9.996,-12.979,-19.936,-16.848,-19.366,-27.603,-14.705,-15.229
213,-5.984,-4.685,-7.112,-8.27,-10.031,-13.064,-20.017,-16.809,-20.126,-27.315,-13.875,-14.697
214,-5.998,-4.869,-7.111,-8.459,-9.91,-12.9,-20.026,-16.377,-21.182,-26.848,-13.607,-14.417
215,-6.002,-5.06,-7.111,-8.677,-9.75,-12.641,-19.463,-15.427,-21.843,-26.317,-13.675,-14.448
216,-6.061,-5.224,-7.112,-8.911,-9.672,-12.407,-17.994,-14.282,-22.005,-25.948,-13.833,-14.763
217,-6.216,-5.344,-7.118,-9.122,-9.836,-12.017,-16.628,-13.527,-22.015,-25.467,-14.0,-15.273
218,-6.416,-5.431,-7.152,-9.259,-10.18,-11.321,-16.151,-13.349,-21.984,-24.562,-14.163,-15.756
219,-6.571,-5.505,-7.23,-9.317,-10.547,-10.444,-16.254,-13.497,-21.912,-23.381,-14.306,-16.246
220,-6.65,-5.582,-7.341,-9.331,-11.316,-9.602,-16.528,-13.66,-21.843,-22.11,-14.542,-16.641
221,-6.68,-5.659,-7.485,-9.333,-12.702,-9.026,-16.756,-13.716,-21.702,-20.833,-14.999,-16.548
222,-6.682,-5.716,-7.674,-9.333,-13.92,-8.669,-16.897,-13.685,-21.468,-19.768,-15.269,-16.07
223,-6.665,-5.742,-7.896,-9.333,-14.572,-8.502,-16.884,-13.652,-21.233,-19.108,-15.284,-15.829
224,-6.635,-5.748,-8.151,-9.333,-15.017,-8.5,-16.58,-13.789,-21.096,-18.617,-15.163,-16.152
225,-6.592,-5.743,-8.445,-9.333,-15.315,-8.521,-15.711,-14.075,-21.055,-17.953,-15.004,-17.01
226,-6.54,-5.722,-8.745,-9.327,-15.404,-8.498,-14.419,-14.187,-21.011,-17.164,-14.879,-17.9
227,-6.492,-5.679,-9.033,-9.289,-15.412,-8.481,-13.602,-13.851,-20.839,-16.478,-14.837,-18.306
228,-6.448,-5.618,-9.34,-9.15,-15.42,-8.552,-13.478,-12.937,-20.501,-16.035,-14.815,-18.174
229,-6.399,-5.542,-9.668,-8.849,-15.499,-8.681,-13.705,-11.904,-20.132,-15.847,-14.621,-17.749
230,-6.336,-5.458,-10.005,-8.432,-15.67,-8.855,-14.025,-11.503,-19.857,-15.706,-14.163,-17.432
231,-6.258,-5.378,-10.352,-8.023,-15.752,-9.071,-14.512,-11.697,-19.679,-15.317,-13.845,-17.304
232,-6.171,-5.293,-10.648,-7.713,-15.799,-9.197,-15.55,-11.927,-19.504,-14.747,-13.633,-17.308
233,-6.078,-5.175,-10.773,-7.548,-15.885,-9.23,-17.434,-11.965,-19.266,-14.502,-13.466,-17.657
234,-5.985,-5.021,-10.682,-7.537,-15.928,-9.298,-18.875,-11.882,-19.025,-14.786,-13.511,-18.368
235,-5.891,-4.87,-10.435,-7.66,-15.979,-9.598,-19.626,-11.745,-18.822,-15.428,-13.667,-18.939
236,-5.796,-4.747,-10.136,-7.879,-16.15,-10.109,-19.974,-11.574,-18.619,-16.026,-13.833,-19.192
237,-5.697,-4.626,-9.81,-8.148,-16.439,-10.412,-20.258,-11.437,-18.522,-16.393,-13.992,-19.352
238,-5.593,-4.494,-9.419,-8.428,-16.693,-10.342,-20.58,-11.354,-18.634,-16.702,-14.076,-19.561
239,-5.491,-4.371,-9.05,-8.666,-16.779,-9.934,-20.624,-11.384,-18.991,-17.182,-13.996,-19.844
240,-5.381,-4.259,-8.847,-8.809,-16.787,-9.283,-20.404,-11.595,-19.503,-17.929,-13.875,-20.167
241,-5.226,-4.138,-8.804,-8.839,-16.787,-8.669,-20.224,-11.9,-19.808,-18.676,-13.795,-20.489
242,-5.024,-3.989,-8.895,-8.739,-16.787,-8.204,-20.173,-12.057,-20.05,-19.063,-13.712,-20.762
243,-4.83,-3.825,-9.222,-8.469,-16.803,-7.934,-20.219,-11.966,-20.608,-19.077,-13.72,-20.934
244,-4.659,-3.68,-9.841,-8.061,-16.978,-7.794,-20.737,-11.772,-21.423,-18.828,-13.89,-21.061
245,-4.481,-3.57,-10.604,-7.649,-17.521,-7.629,-21.868,-11.626,-21.815,-18.211,-14.25,-21.399
246,-4.305,-3.475,-11.38,-7.339,-18.15,-7.44,-22.382,-11.528,-21.874,-17.154,-14.701,-22.075
247,-4.159,-3.374,-12.222,-7.141,-18.486,-7.306,-22.384,-11.469,-21.833,-15.941,-14.959,-22.718
248,-4.045,-3.271,-13.134,-7.019,-18.63,-7.218,-22.243,-11.392,-21.612,-15.002,-15.197,-22.956
249,-3.944,-3.175,-13.922,-6.952,-18.673,-7.175,-22.05,-11.213,-21.002,-14.536,-15.883,-22.681
250,-3.859,-3.091,-14.432,-6.948,-18.677,-7.164,-21.775,-10.96,-20.035,-14.273,-16.859,-21.826
251,-3.797,-3.027,-14.681,-6.991,-18.665,-7.143,-21.376,-10.738,-19.257,-13.932,-17.383,-20.525
252,-3.734,-2.981,-14.77,-7.024,-18.516,-7.038,-20.881,-10.605,-18.975,-13.581,-17.492,-19.276
253,-3.645,-2.938,-14.817,-7.008,-17.899,-6.77,-20.165,-10.577,-18.85,-13.274,-17.496,-18.393
254,-3.54,-2.896,-14.889,-6.935,-16.588,-6.334,-19.631,-10.519,-18.715,-12.835,-17.455,-17.748
255,-3.439,-2.861,-14.961,-6.787,-14.842,-5.858,-19.378,-10.106,-18.563,-12.193,-17.337,-17.293
256,-3.317,-2.833,-15.0,-6.558,-13.488,-5.613,-19.42,-9.259,-18.268,-11.595,-17.269,-16.984
257,-3.153,-2.813,-15.043,-6.279,-13.105,-5.644,-19.545,-8.441,-17.79,-11.225,-17.493,-16.761
258,-2.978,-2.793,-15.161,-6.004,-13.321,-5.802,-19.545,-8.065,-17.534,-11.038,-18.201,-16.416
259,-2.832,-2.771,-15.474,-5.776,-13.839,-6.012,-19.412,-8.039,-17.537,-10.98,-19.421,-15.79
260,-2.718,-2.756,-16.102,-5.596,-14.495,-6.232,-19.274,-8.124,-17.837,-11.067,-20.765,-14.99
261,-2.609,-2.751,-16.996,-5.445,-15.526,-6.332,-19.227,-8.244,-18.509,-11.236,-21.647,-14.159
262,-2.46,-2.75,-17.968,-5.298,-17.072,-6.228,-19.223,-8.309,-19.106,-11.363,-22.159,-13.468
263,-2.276,-2.751,-18.723,-5.148,-18.419,-5.97,-19.223,-8.232,-19.353,-11.396,-22.749,-13.091
264,-2.132,-2.756,-19.09,-5.011,-18.938,-5.573,-19.223,-8.065,-19.403,-11.336,-23.231,-12.883
265,-2.059,-2.772,-19.155,-4.892,-19.012,-5.022,-19.227,-7.867,-19.438,-11.197,-23.447,-12.586
266,-2.027,-2.799,-19.033,-4.789,-18.946,-4.467,-19.288,-7.632,-19.51,-10.998,-23.496,-12.155
267,-2.005,-2.833,-18.698,-4.703,-18.504,-3.941,-19.592,-7.367,-19.573,-10.764,-23.5,-11.677
268,-1.972,-2.874,-18.068,-4.626,-17.314,-3.432,-20.422,-7.122,-19.644,-10.645,-23.5,-11.233
269,-1.912,-2.911,-17.196,-4.517,-15.697,-3.093,-21.663,-6.877,-19.666,-10.675,-23.5,-10.843
270,-1.817,-2.936,-16.332,-4.332,-14.429,-2.935,-22.54,-6.611,-19.554,-10.705,-23.5,-10.332
271,-1.704,-2.957,-15.744,-4.051,-14.007,-2.881,-22.793,-6.366,-19.116,-10.401,-23.5,-9.522
272,-1.606,-2.979,-15.421,-3.717,-14.246,-2.88,-22.81,-6.121,-18.403,-9.69,-23.5,-8.514
273,-1.522,-2.995,-15.136,-3.387,-15.05,-2.921,-22.768,-5.864,-17.762,-9.02,-23.496,-7.553
274,-1.424,-3.005,-14.758,-3.053,-16.232,-2.989,-22.673,-5.654,-17.211,-8.575,-23.458,-6.936
275,-1.307,-3.021,-14.311,-2.704,-17.408,-3.02,-22.63,-5.429,-16.767,-8.204,-23.375,-6.697
276,-1.201,-3.042,-13.872,-2.404,-18.313,-2.978,-22.613,-5.089,-16.564,-7.9,-23.333,-6.748
277,-1.12,-3.056,-13.469,-2.168,-18.817,-2.857,-22.446,-4.753,-16.558,-7.658,-23.283,-6.941
278,-1.047,-3.062,-13.06,-1.967,-18.972,-2.677,-21.757,-4.544,-16.695,-7.383,-23.072,-7.086
279,-0.976,-3.062,-12.665,-1.811,-18.438,-2.422,-20.598,-4.409,-16.967,-7.076,-22.302,-7.096
280,-0.908,-3.062,-12.247,-1.707,-16.884,-2.114,-19.725,-4.231,-17.346,-6.851,-20.701,-6.999
281,-0.84,-3.062,-11.731,-1.63,-14.788,-1.858,-19.202,-4.043,-17.79,-6.759,-19.246,-6.892
282,-0.774,-3.062,-11.152,-1.545,-13.089,-1.658,-18.522,-3.987,-18.296,-6.709,-18.33,-6.833
283,-0.719,-3.061,-10.617,-1.442,-11.984,-1.443,-17.582,-4.04,-18.734,-6.537,-17.386,-6.774
284,-0.672,-3.055,-10.207,-1.33,-10.988,-1.202,-17.228,-4.061,-18.894,-6.143,-15.898,-6.666
285,-0.593,-3.035,-9.951,-1.2,-9.887,-0.979,-17.285,-3.948,-18.693,-5.701,-14.136,-6.551
286,-0.451,-2.999,-9.826,-1.033,-9.091,-0.747,-17.323,-3.651,-18.103,-5.432,-12.595,-6.473
287,-0.287,-2.956,-9.785,-0.826,-8.845,-0.463,-17.255,-3.298,-17.211,-5.255,-11.262,-6.473
288,-0.166,-2.91,-9.779,-0.589,-9.173,-0.171,-16.842,-3.11,-16.258,-4.958,-9.97,-6.648
289,-0.089,-2.847,-9.784,-0.317,-10.113,0.103,-15.966,-3.096,-15.791,-4.557,-8.925,-6.876
290,-0.023,-2.763,-9.811,-0.035,-11.328,0.405,-15.299,-3.072,-15.739,-4.168,-8.049,-6.833
291,0.036,-2.667,-9.857,0.184,-12.565,0.739,-15.279,-2.949,-15.929,-3.699,-7.111,-6.452
292,0.088,-2.563,-9.904,0.295,-13.584,1.072,-15.729,-2.761,-16.536,-3.204,-6.181,-5.705
293,0.152,-2.464,-10.016,0.328,-14.272,1.374,-16.138,-2.527,-17.649,-2.94,-5.217,-4.529
294,0.233,-2.375,-10.277,0.333,-14.627,1.65,-16.392,-2.262,-18.643,-2.844,-4.564,-3.301
295,0.313,-2.285,-10.641,0.333,-14.772,1.953,-16.73,-2.015,-19.078,-2.744,-4.163,-2.379
296,0.383,-2.179,-11.027,0.333,-14.987,2.306,-17.716,-1.75,-18.846,-2.622,-3.727,-1.797
297,0.451,-2.055,-11.409,0.335,-15.318,2.731,-19.355,-1.394,-17.952,-2.518,-2.996,-1.551
298,0.525,-1.917,-11.748,0.347,-15.44,3.203,-20.255,-1.019,-16.918,-2.435,-2.046,-1.491
299,0.607,-1.771,-11.953,0.389,-14.899,3.587,-20.583,-0.784,-16.376,-2.324,-1.356,-1.407
300,0.693,-1.631,-11.873,0.494,-13.445,3.871,-20.804,-0.693,-16.286,-2.169,-0.883,-1.131
301,0.781,-1.502,-11.43,0.694,-11.795,4.124,-20.658,-0.602,-16.376,-2.018,-0.549,-0.587
302,0.861,-1.38,-10.707,0.987,-10.384,4.359,-19.97,-0.357,-16.476,-1.941,-0.319,0.087
303,0.928,-1.265,-9.808,1.312,-9.3,4.641,-19.192,0.053,-16.504,-1.892,0.046,0.642
304,1.002,-1.145,-8.816,1.604,-8.209,5.034,-18.691,0.439,-16.441,-1.712,0.662,0.97
305,1.094,-1.007,-7.843,1.837,-7.63,5.416,-18.139,0.686,-16.257,-1.284,1.046,1.2
306,1.19,-0.851,-6.887,2.026,-7.474,5.648,-17.29,0.953,-15.96,-0.771,0.98,1.562
307,1.274,-0.676,-5.837,2.207,-7.376,5.773,-16.846,1.321,-15.469,-0.388,0.526,2.254
308,1.349,-0.484,-4.712,2.409,-7.294,5.924,-16.77,1.652,-14.924,-0.041,-0.042,3.113
309,1.423,-0.292,-3.636,2.642,-7.161,6.179,-16.765,1.933,-14.231,0.373,-0.667,3.835
310,1.49,-0.111,-2.642,2.889,-6.993,6.528,-16.765,2.284,-13.349,0.784,-1.303,4.533
311,1.543,0.06,-1.675,3.134,-6.825,6.843,-16.765,2.621,-12.467,1.166,-2.023,5.15
312,1.592,0.223,-0.746,3.359,-6.704,7.032,-16.769,2.83,-11.776,1.519,-3.136,5.438
313,1.661,0.369,0.109,3.546,-6.747,7.136,-16.812,2.956,-11.266,1.78,-4.481,5.505
314,1.758,0.505,0.94,3.722,-6.993,7.216,-16.889,3.11,-10.881,2.007,-5.462,5.55
315,1.867,0.645,1.734,3.926,-7.243,7.259,-16.734,3.335,-10.743,2.256,-5.89,5.617
316,1.966,0.787,2.371,4.143,-7.329,7.277,-16.081,3.6,-10.696,2.452,-5.947,5.66
317,2.038,0.923,2.854,4.348,-7.34,7.32,-15.11,3.844,-10.587,2.565,-5.829,5.709
318,2.088,1.062,3.302,4.585,-7.38,7.39,-14.187,4.079,-10.368,2.625,-5.648,5.92
319,2.13,1.213,3.83,4.889,-7.466,7.452,-13.525,4.3,-9.874,2.738,-5.272,6.444
320,2.168,1.357,4.431,5.191,-7.504,7.566,-13.233,4.481,-9.205,3.031,-4.477,7.207
321,2.208,1.476,4.984,5.421,-7.485,7.825,-13.129,4.748,-8.995,3.448,-3.461,7.965
322,2.25,1.577,5.39,5.609,-7.211,8.231,-13.025,5.181,-9.409,3.795,-2.394,8.454
323,2.288,1.673,5.699,5.814,-6.251,8.7,-12.884,5.669,-10.174,4.066,-1.189,8.633
324,2.313,1.771,6.007,6.026,-4.571,9.077,-12.174,6.113,-10.709,4.361,0.507,8.664
325,2.338,1.875,6.34,6.201,-2.53,9.339,-10.328,6.559,-10.859,4.741,2.253,8.667
326,2.379,1.98,6.7,6.344,-0.706,9.626,-7.971,7.058,-10.871,5.21,3.412,8.677
327,2.426,2.082,7.07,6.503,0.808,10.023,-5.459,7.549,-10.865,5.618,3.889,8.73
328,2.456,2.187,7.391,6.704,2.055,10.321,-2.919,7.958,-10.799,5.949,3.988,8.886
329,2.47,2.291,7.619,6.917,3.105,10.628,-0.388,8.362,-10.628,6.264,3.954,9.243
330,2.499,2.388,7.777,7.098,4.133,10.926,1.828,8.835,-10.461,6.585,3.833,9.875
331,2.558,2.473,7.922,7.256,5.307,11.186,3.419,9.239,-10.293,6.952,3.716,10.659
332,2.62,2.541,8.078,7.407,6.534,11.418,4.544,9.526,-9.835,7.328,3.712,11.44
333,2.676,2.602,8.216,7.545,7.869,11.691,5.306,9.83,-8.666,7.708,3.803,12.164
334,2.736,2.667,8.333,7.665,9.099,11.985,6.165,10.215,-7.015,8.101,3.978,12.851
335,2.777,2.725,8.444,7.778,10.08,12.249,7.102,10.562,-5.301,8.543,4.481,13.436
336,2.775,2.776,8.556,7.889,10.596,12.487,7.854,10.783,-3.684,9.015,5.337,13.811
337,2.748,2.838,8.673,8.0,11.013,12.642,8.567,10.964,-2.055,9.393,6.242,14.086
338,2.701,2.911,8.812,8.111,11.374,12.719,9.22,11.23,-0.341,9.787,6.996,14.329
339,2.635,2.972,8.973,8.222,11.735,12.781,9.646,11.53,1.476,10.321,7.712,14.409
340,2.586,3.014,9.137,8.333,12.044,12.792,9.899,11.774,3.224,10.854,8.504,14.32
341,2.589,3.048,9.293,8.445,12.304,12.721,10.183,11.974,4.804,11.226,9.337,14.166
342,2.62,3.084,9.403,8.557,12.583,12.662,10.604,12.164,6.249,11.51,10.22,14.001
343,2.648,3.13,9.463,8.678,12.812,12.673,10.978,12.355,7.484,11.835,11.258,13.844
344,2.662,3.182,9.482,8.818,12.89,12.722,11.266,12.563,8.482,12.157,12.462,13.727
345,2.655,3.229,9.438,8.985,12.897,12.793,11.597,12.834,9.282,12.41,13.636,13.677
346,2.642,3.27,9.38,9.173,12.897,12.86,11.923,13.127,9.936,12.626,14.514,13.667
347,2.638,3.312,9.381,9.357,12.897,12.89,12.16,13.322,10.559,12.831,14.807,13.667
348,2.639,3.354,9.451,9.494,12.897,12.896,12.353,13.439,11.109,13.032,14.829,13.667
349,2.647,3.39,9.55,9.576,12.897,12.897,12.542,13.533,11.591,13.211,14.776,13.667
350,2.662,3.422,9.633,9.627,12.897,12.897,12.727,13.619,12.069,13.389,14.53,13.667
351,2.664,3.453,9.693,9.656,12.897,12.897,12.868,13.664,12.445,13.582,14.042,13.667
352,2.65,3.484,9.744,9.665,12.897,12.897,12.916,13.664,12.66,13.744,13.599,13.667
353,2.63,3.516,9.771,9.667,12.895,12.897,12.92,13.608,12.87,13.84,13.387,13.667
354,2.609,3.547,9.777,9.667,12.871,12.897,12.92,13.476,13.176,13.849,13.341,13.667
355,2.592,3.577,9.777,9.667,12.822,12.897,12.92,13.309,13.442,13.802,13.383,13.667
356,2.581,3.603,9.771,9.667,12.822,12.897,12.92,13.178,13.583,13.761,13.545,13.667
357,2.573,3.621,9.744,9.667,12.871,12.897,12.92,13.121,13.617,13.721,13.782,13.672
358,2.561,3.636,9.7,9.667,12.895,12.897,12.92,13.11,13.58,13.665,13.82,13.735
359,2.545,3.667,9.674,9.667,12.897,12.897,12.92,13.109,13.417,13.624,12.869,14.017
