angle_deg,2GHz_SlantElevation0_dB,2GHz_SlantElevation90_dB,2GHz_SlantAzimuth_dB,2.1GHz_SlantElevation0_dB,2.1GHz_SlantElevation90_dB,2.1GHz_SlantAzimuth_dB,4GHz_SlantElevation0_dB,4GHz_SlantElevation90_dB,4GHz_SlantAzimuth_dB,8GHz_SlantElevation0_dB,8GHz_SlantElevation90_dB,8GHz_SlantAzimuth_dB,12GHz_SlantElevation0_dB,12GHz_SlantElevation90_dB,12GHz_SlantAzimuth_dB,18GHz_SlantElevation0_dB,18GHz_SlantElevation90_dB,18GHz_SlantAzimuth_dB
0,-13.639,-14.833,-11.860,-14.440,-20.446,-9.464,-25.496,-21.285,-9.501,-20.938,-16.229,-9.361,-22.601,-25.615,-8.745,-16.095,-11.811,-8.905
1,-13.626,-15.319,-11.800,-14.223,-19.239,-9.520,-25.533,-20.577,-9.483,-20.652,-15.939,-9.368,-23.111,-25.213,-8.745,-15.499,-11.793,-8.916
2,-13.595,-15.897,-11.783,-14.052,-18.339,-9.559,-23.460,-19.122,-9.453,-18.347,-14.952,-9.357,-22.119,-23.321,-8.745,-13.520,-11.556,-8.928
3,-13.519,-16.538,-11.755,-13.857,-17.706,-9.586,-21.236,-17.775,-9.434,-15.776,-13.677,-9.354,-20.559,-20.920,-8.745,-11.880,-11.255,-8.973
4,-13.399,-17.318,-11.679,-13.690,-17.128,-9.627,-19.429,-16.996,-9.426,-13.965,-12.476,-9.353,-19.600,-18.966,-8.745,-11.295,-10.968,-9.018
5,-13.275,-18.322,-11.563,-13.553,-16.612,-9.688,-18.102,-16.356,-9.407,-12.896,-11.723,-9.349,-19.200,-18.422,-8.745,-10.893,-10.725,-9.021
6,-13.078,-19.549,-11.457,-13.461,-16.186,-9.725,-17.203,-15.885,-9.376,-12.145,-11.255,-9.331,-18.947,-18.591,-8.745,-10.926,-10.551,-8.991
7,-12.851,-20.877,-11.393,-13.385,-15.826,-9.738,-16.327,-15.538,-9.354,-11.580,-10.777,-9.305,-18.601,-19.284,-8.745,-11.414,-10.615,-8.955
8,-12.607,-22.097,-11.350,-13.324,-15.670,-9.757,-15.632,-15.425,-9.331,-11.155,-10.527,-9.300,-18.280,-19.898,-8.745,-12.052,-11.018,-8.916
9,-12.335,-22.568,-11.308,-13.292,-15.605,-9.787,-15.225,-15.377,-9.296,-10.877,-10.315,-9.303,-17.922,-20.684,-8.745,-12.836,-11.569,-8.874
10,-12.076,-22.028,-11.255,-13.248,-15.558,-9.810,-14.818,-15.346,-9.255,-10.663,-10.175,-9.268,-17.699,-21.386,-8.745,-13.941,-12.354,-8.822
11,-11.821,-20.505,-11.202,-13.233,-15.486,-9.832,-14.512,-15.302,-9.202,-10.495,-10.039,-9.201,-17.718,-22.534,-8.745,-15.299,-13.243,-8.773
12,-11.637,-19.460,-11.161,-13.248,-15.481,-9.863,-14.255,-15.304,-9.152,-10.342,-9.922,-9.130,-18.069,-22.803,-8.745,-16.249,-14.039,-8.750
13,-11.492,-18.186,-11.126,-13.292,-15.420,-9.886,-14.087,-15.378,-9.126,-10.190,-9.922,-9.076,-18.784,-22.182,-8.745,-17.360,-14.856,-8.746
14,-11.228,-16.853,-11.107,-13.308,-15.318,-9.909,-13.994,-15.497,-9.103,-10.038,-10.038,-9.045,-19.522,-20.707,-8.745,-18.235,-15.587,-8.745
15,-10.674,-15.889,-11.102,-13.324,-15.268,-9.944,-13.933,-15.588,-9.068,-9.886,-10.155,-9.000,-20.106,-18.357,-8.745,-18.763,-16.272,-8.741
16,-10.426,-15.165,-11.093,-13.367,-15.174,-9.981,-13.917,-15.648,-9.031,-9.735,-10.172,-8.920,-20.686,-16.356,-8.745,-19.186,-16.925,-8.723
17,-10.326,-14.455,-11.044,-13.365,-14.980,-10.019,-13.917,-15.647,-8.997,-9.600,-10.130,-8.853,-20.600,-15.153,-8.746,-19.759,-17.523,-8.697
18,-10.206,-13.906,-10.927,-13.290,-14.753,-10.052,-13.933,-15.571,-8.977,-9.539,-10.115,-8.821,-19.662,-14.395,-8.749,-20.738,-18.171,-8.697
19,-10.098,-13.447,-10.795,-13.154,-14.521,-10.072,-13.978,-15.420,-8.969,-9.551,-10.115,-8.790,-18.301,-13.800,-8.764,-21.885,-18.737,-8.723
20,-9.962,-13.061,-10.709,-12.970,-14.214,-10.079,-14.024,-15.223,-8.951,-9.538,-10.130,-8.722,-17.028,-13.328,-8.780,-22.659,-18.929,-8.741
21,-9.827,-12.569,-10.642,-12.714,-13.753,-10.096,-14.095,-14.994,-8.920,-9.583,-10.171,-8.639,-15.957,-12.961,-8.782,-22.388,-18.651,-8.745
22,-9.734,-12.231,-10.566,-12.439,-13.386,-10.114,-14.083,-14.690,-8.897,-9.657,-10.121,-8.580,-14.943,-12.668,-8.784,-20.734,-17.787,-8.745
23,-9.641,-11.955,-10.481,-12.107,-13.062,-10.136,-14.068,-14.375,-8.874,-9.717,-9.882,-8.540,-14.097,-12.354,-8.787,-18.863,-16.766,-8.741
24,-9.522,-11.695,-10.415,-11.784,-12.683,-10.159,-14.051,-13.729,-8.840,-9.749,-9.568,-8.517,-13.558,-12.128,-8.807,-17.377,-15.858,-8.722
25,-9.430,-11.408,-10.395,-11.404,-12.275,-10.144,-13.991,-13.343,-8.803,-9.794,-9.286,-8.490,-13.175,-12.035,-8.840,-16.440,-15.163,-8.688
26,-9.354,-11.154,-10.364,-10.949,-11.906,-10.107,-13.899,-13.034,-8.768,-9.809,-9.205,-8.441,-12.888,-12.032,-8.879,-15.806,-14.812,-8.650
27,-9.293,-11.027,-10.280,-10.795,-11.467,-10.104,-13.746,-12.744,-8.745,-9.810,-9.202,-8.392,-12.735,-12.073,-8.920,-15.605,-14.748,-8.607
28,-9.246,-10.902,-10.181,-10.568,-11.004,-10.125,-13.535,-12.412,-8.722,-9.811,-9.202,-8.365,-12.700,-12.342,-8.973,-15.750,-14.928,-8.547
29,-9.157,-10.698,-10.112,-9.930,-10.708,-10.135,-13.291,-12.108,-8.688,-9.827,-9.203,-8.343,-12.686,-13.169,-9.027,-16.088,-15.292,-8.459
30,-9.111,-10.639,-10.100,-9.620,-10.453,-10.147,-13.002,-11.846,-8.655,-9.887,-9.236,-8.311,-12.708,-13.564,-9.072,-16.704,-16.127,-8.369
31,-9.081,-10.747,-10.106,-9.484,-9.927,-10.201,-12.683,-11.544,-8.634,-9.979,-9.354,-8.289,-12.914,-13.915,-9.130,-17.403,-17.781,-8.289
32,-9.093,-10.727,-10.087,-9.189,-9.673,-10.226,-12.336,-11.246,-8.624,-10.116,-9.490,-8.266,-13.155,-14.579,-9.197,-18.201,-19.456,-8.208
33,-9.064,-10.475,-10.042,-8.976,-9.393,-10.189,-12.016,-11.088,-8.589,-10.283,-9.614,-8.231,-13.383,-15.094,-9.250,-18.902,-20.518,-8.114
34,-9.034,-10.130,-10.008,-8.822,-8.972,-10.145,-11.710,-10.934,-8.544,-10.497,-9.797,-8.190,-13.596,-15.432,-9.277,-19.528,-21.280,-8.008
35,-8.990,-9.814,-9.997,-8.686,-8.520,-10.137,-11.392,-10.740,-8.522,-10.754,-10.028,-8.142,-13.779,-15.654,-9.300,-20.150,-21.732,-7.918
36,-8.974,-9.573,-9.980,-8.594,-8.128,-10.145,-11.076,-10.606,-8.513,-11.055,-10.386,-8.111,-13.958,-15.610,-9.331,-20.370,-21.809,-7.861
37,-8.973,-9.492,-9.962,-8.517,-7.897,-10.133,-10.843,-10.588,-8.494,-11.302,-10.688,-8.119,-14.050,-15.343,-9.350,-20.039,-21.520,-7.837
38,-8.973,-9.450,-9.939,-8.441,-7.730,-10.122,-10.569,-10.630,-8.463,-11.586,-10.907,-8.132,-14.067,-14.999,-9.358,-18.872,-20.871,-7.829
39,-8.973,-9.516,-9.909,-8.366,-7.665,-10.128,-10.268,-10.643,-8.437,-11.785,-11.165,-8.132,-14.052,-14.717,-9.376,-17.293,-19.659,-7.810
40,-8.973,-9.813,-9.889,-8.306,-7.587,-10.117,-10.013,-10.597,-8.396,-11.941,-11.457,-8.114,-14.008,-14.339,-9.407,-16.069,-17.921,-7.780
41,-8.973,-10.173,-9.869,-8.290,-7.469,-10.056,-9.871,-10.449,-8.339,-12.124,-11.865,-8.084,-13.976,-13.519,-9.425,-15.027,-16.646,-7.766
42,-8.973,-10.488,-9.799,-8.289,-7.377,-9.989,-9.733,-10.311,-8.320,-12.364,-12.319,-8.070,-13.916,-13.030,-9.429,-14.002,-15.527,-7.780
43,-8.973,-10.662,-9.691,-8.289,-7.300,-9.944,-9.583,-10.146,-8.338,-12.579,-12.775,-8.084,-13.857,-12.761,-9.430,-13.195,-14.371,-7.809
44,-8.973,-10.491,-9.625,-8.290,-7.225,-9.909,-9.463,-10.024,-8.338,-12.820,-13.215,-8.114,-13.841,-12.506,-9.430,-12.568,-13.543,-7.823
45,-8.973,-10.258,-9.579,-8.306,-7.165,-9.886,-9.415,-9.919,-8.311,-13.019,-13.608,-8.132,-13.840,-12.338,-9.429,-12.049,-12.852,-7.805
46,-8.973,-10.177,-9.533,-8.365,-7.133,-9.863,-9.369,-9.871,-8.293,-13.232,-13.926,-8.132,-13.840,-12.244,-9.425,-11.605,-12.167,-7.756
47,-8.958,-10.148,-9.515,-8.425,-7.089,-9.828,-9.339,-9.823,-8.285,-13.443,-14.119,-8.114,-13.823,-12.167,-9.406,-11.170,-11.482,-7.703
48,-8.930,-10.208,-9.529,-8.457,-7.089,-9.791,-9.310,-9.725,-8.261,-13.611,-14.427,-8.084,-13.764,-12.092,-9.372,-10.896,-10.789,-7.658
49,-8.958,-10.326,-9.555,-8.501,-7.133,-9.753,-9.338,-9.427,-8.208,-13.764,-14.924,-8.065,-13.688,-12.032,-9.335,-10.760,-10.211,-7.600
50,-8.973,-10.418,-9.559,-8.516,-7.164,-9.715,-9.352,-9.069,-8.142,-13.915,-15.497,-8.061,-13.611,-11.999,-9.296,-10.792,-10.112,-7.528
51,-8.989,-10.494,-9.547,-8.517,-7.209,-9.676,-9.337,-8.814,-8.093,-14.034,-16.041,-8.056,-13.518,-11.938,-9.254,-11.029,-10.297,-7.453
52,-9.017,-10.570,-9.540,-8.516,-7.241,-9.635,-9.277,-8.732,-8.084,-14.066,-16.490,-8.033,-13.366,-11.865,-9.197,-11.314,-10.483,-7.381
53,-8.989,-10.629,-9.524,-8.501,-7.301,-9.582,-9.201,-8.685,-8.092,-14.050,-16.673,-7.981,-13.154,-11.820,-9.130,-11.575,-10.769,-7.319
54,-8.974,-10.646,-9.509,-8.472,-7.376,-9.528,-9.109,-8.654,-8.079,-13.956,-16.598,-7.917,-12.911,-11.829,-9.072,-11.847,-11.073,-7.255
55,-8.973,-10.646,-9.501,-8.469,-7.452,-9.483,-8.989,-8.608,-8.064,-13.728,-16.296,-7.878,-12.620,-11.757,-9.022,-12.089,-11.417,-7.167
56,-8.956,-10.629,-9.478,-8.396,-7.529,-9.426,-8.881,-8.560,-8.052,-13.362,-15.794,-7.863,-12.253,-11.691,-8.951,-12.286,-11.648,-7.081
57,-8.897,-10.570,-9.429,-8.350,-7.604,-9.358,-8.745,-8.440,-8.015,-12.860,-15.108,-7.828,-11.761,-11.859,-8.867,-12.410,-11.833,-7.020
58,-8.838,-10.511,-9.376,-8.305,-7.663,-9.301,-8.610,-8.289,-7.954,-12.197,-14.193,-7.779,-11.367,-11.919,-8.803,-12.533,-12.006,-6.978
59,-8.804,-10.478,-9.336,-8.270,-7.663,-9.259,-8.518,-8.137,-7.918,-11.529,-13.345,-7.734,-11.106,-11.880,-8.746,-12.659,-12.322,-6.943
60,-8.727,-10.418,-9.305,-8.164,-7.605,-9.216,-8.441,-7.985,-7.909,-10.863,-12.641,-7.676,-10.909,-11.881,-8.692,-12.890,-12.700,-6.925
61,-8.592,-10.359,-9.305,-7.973,-7.546,-9.160,-8.366,-7.833,-7.904,-10.295,-11.985,-7.605,-10.801,-11.941,-8.646,-13.300,-13.077,-6.921
62,-8.442,-10.323,-9.326,-7.878,-7.529,-9.091,-8.302,-7.698,-7.886,-9.692,-11.322,-7.533,-10.757,-12.049,-8.589,-13.885,-13.396,-6.925
63,-8.305,-10.200,-9.322,-7.773,-7.529,-9.031,-8.188,-7.605,-7.860,-9.179,-10.804,-7.479,-10.818,-12.247,-8.522,-14.450,-13.634,-6.943
64,-8.180,-9.951,-9.277,-7.697,-7.546,-8.970,-7.848,-7.529,-7.856,-8.841,-10.411,-7.449,-10.967,-12.522,-8.468,-15.050,-14.020,-6.978
65,-8.000,-9.814,-9.229,-7.648,-7.605,-8.901,-7.522,-7.452,-7.867,-8.596,-10.210,-7.411,-11.145,-12.914,-8.441,-15.840,-14.337,-7.015
66,-7.834,-9.751,-9.206,-7.545,-7.681,-8.844,-7.396,-7.376,-7.869,-8.416,-10.116,-7.364,-11.251,-13.321,-8.414,-16.775,-14.539,-7.054
67,-7.698,-9.735,-9.202,-7.470,-7.757,-8.803,-7.361,-7.300,-7.863,-8.368,-10.052,-7.339,-11.278,-13.678,-8.361,-17.697,-14.719,-7.091
68,-7.605,-9.735,-9.206,-7.437,-7.832,-8.764,-7.317,-7.225,-7.828,-8.381,-9.972,-7.311,-11.139,-13.798,-8.293,-18.132,-14.810,-7.130
69,-7.512,-9.752,-9.224,-7.392,-7.892,-8.727,-7.303,-7.165,-7.779,-8.425,-9.765,-7.259,-10.793,-13.654,-8.241,-17.962,-14.823,-7.167
70,-7.394,-9.828,-9.254,-7.360,-7.908,-8.692,-7.352,-7.133,-7.734,-8.457,-9.583,-7.199,-10.299,-13.080,-8.218,-17.112,-14.708,-7.201
71,-7.318,-9.962,-9.269,-7.301,-7.909,-8.665,-7.530,-7.089,-7.681,-8.501,-9.430,-7.180,-9.895,-12.139,-8.213,-15.957,-14.263,-7.224
72,-7.301,-10.097,-9.259,-7.258,-7.909,-8.624,-7.738,-7.089,-7.627,-8.516,-9.278,-7.202,-9.315,-11.266,-8.205,-14.875,-13.742,-7.243
73,-7.300,-10.188,-9.247,-7.285,-7.909,-8.562,-7.875,-7.131,-7.586,-8.500,-9.143,-7.220,-8.914,-10.278,-8.176,-13.801,-13.422,-7.259
74,-7.301,-10.230,-9.250,-7.300,-7.909,-8.522,-7.923,-7.130,-7.547,-8.440,-9.049,-7.220,-8.540,-9.577,-8.152,-12.860,-12.928,-7.261
75,-7.317,-10.139,-9.228,-7.317,-7.909,-8.495,-7.952,-7.072,-7.510,-8.364,-8.957,-7.206,-7.982,-9.086,-8.176,-12.120,-12.433,-7.259
76,-7.362,-9.919,-9.175,-7.377,-7.909,-8.459,-7.924,-6.997,-7.471,-8.273,-8.838,-7.190,-7.719,-8.766,-8.204,-11.345,-12.110,-7.243
77,-7.409,-9.770,-9.158,-7.452,-7.909,-8.422,-7.909,-6.938,-7.433,-8.153,-8.746,-7.188,-7.633,-8.206,-8.208,-10.557,-11.505,-7.228
78,-7.514,-9.737,-9.184,-7.512,-7.926,-8.383,-7.909,-6.939,-7.391,-8.062,-8.669,-7.194,-7.502,-7.519,-8.190,-9.800,-10.728,-7.224
79,-7.621,-9.768,-9.220,-7.544,-7.986,-8.342,-7.907,-7.013,-7.336,-7.986,-8.594,-7.228,-7.455,-6.938,-8.160,-9.172,-10.084,-7.220
80,-7.758,-9.887,-9.250,-7.588,-8.061,-8.289,-7.876,-7.132,-7.274,-7.926,-8.533,-7.269,-7.453,-6.775,-8.142,-8.551,-9.450,-7.197
81,-7.924,-10.021,-9.250,-7.604,-8.137,-8.240,-7.789,-7.224,-7.252,-7.909,-8.501,-7.273,-7.470,-6.752,-8.142,-8.024,-8.939,-7.153
82,-8.105,-10.114,-9.224,-7.605,-8.213,-8.217,-7.742,-7.300,-7.255,-7.908,-8.457,-7.247,-7.529,-6.708,-8.159,-7.683,-8.700,-7.122
83,-8.245,-10.206,-9.206,-7.620,-8.289,-8.209,-7.697,-7.376,-7.238,-7.892,-8.441,-7.229,-7.604,-6.693,-8.186,-7.411,-8.456,-7.130
84,-8.425,-10.327,-9.202,-7.648,-8.365,-8.190,-7.680,-7.452,-7.206,-7.849,-8.424,-7.229,-7.664,-6.693,-8.186,-6.870,-8.214,-7.139
85,-8.575,-10.435,-9.202,-7.620,-8.440,-8.155,-7.648,-7.528,-7.171,-7.832,-8.363,-7.247,-7.680,-6.709,-8.159,-6.591,-7.985,-7.115
86,-8.652,-10.570,-9.201,-7.605,-8.500,-8.114,-7.561,-7.587,-7.153,-7.800,-8.256,-7.273,-7.681,-6.768,-8.142,-6.421,-7.757,-7.040
87,-8.685,-10.705,-9.197,-7.605,-8.516,-8.057,-7.530,-7.604,-7.148,-7.719,-8.093,-7.269,-7.698,-6.828,-8.142,-6.330,-7.530,-6.920
88,-8.729,-10.798,-9.179,-7.621,-8.501,-7.989,-7.529,-7.605,-7.139,-7.814,-7.971,-7.233,-7.757,-6.861,-8.168,-6.315,-7.335,-6.795
89,-8.745,-10.874,-9.148,-7.665,-8.457,-7.937,-7.529,-7.622,-7.103,-8.174,-7.865,-7.225,-7.833,-6.938,-8.227,-6.380,-7.242,-6.697
90,-8.745,-10.933,-9.130,-7.697,-8.443,-7.918,-7.529,-7.681,-7.047,-8.341,-7.818,-7.278,-7.909,-7.073,-8.265,-6.616,-7.209,-6.621
91,-8.745,-10.950,-9.126,-7.757,-8.458,-7.928,-7.529,-7.740,-7.032,-8.330,-7.773,-7.322,-7.985,-7.224,-8.226,-6.852,-7.165,-6.567
92,-8.745,-10.951,-9.125,-7.833,-8.518,-7.939,-7.529,-7.772,-7.073,-8.211,-7.757,-7.318,-8.061,-7.359,-8.163,-6.916,-7.166,-6.540
93,-8.745,-10.951,-9.126,-7.909,-8.592,-7.927,-7.529,-7.816,-7.117,-8.061,-7.757,-7.304,-8.137,-7.461,-8.119,-6.905,-7.228,-6.518
94,-8.729,-10.951,-9.130,-7.985,-8.652,-7.908,-7.529,-7.833,-7.121,-7.910,-7.757,-7.300,-8.213,-7.741,-8.084,-6.880,-7.367,-6.492
95,-8.685,-10.951,-9.148,-8.060,-8.668,-7.886,-7.545,-7.867,-7.099,-7.791,-7.756,-7.296,-8.289,-8.382,-8.065,-6.974,-7.637,-6.496
96,-8.654,-10.951,-9.174,-8.120,-8.654,-7.852,-7.588,-7.986,-7.100,-7.760,-7.740,-7.281,-8.364,-8.695,-8.052,-7.244,-7.932,-6.540
97,-8.609,-10.951,-9.170,-8.138,-8.626,-7.827,-7.605,-8.120,-7.130,-7.791,-7.697,-7.261,-8.424,-8.931,-8.011,-7.622,-8.430,-6.589
98,-8.578,-10.967,-9.125,-8.170,-8.654,-7.839,-7.622,-8.211,-7.167,-7.911,-7.681,-7.236,-8.441,-9.247,-7.940,-8.064,-9.008,-6.616
99,-8.533,-11.011,-9.076,-8.256,-8.685,-7.870,-7.681,-8.273,-7.201,-8.076,-7.681,-7.190,-8.459,-9.553,-7.910,-8.567,-9.677,-6.643
100,-8.517,-11.044,-9.050,-8.271,-8.729,-7.838,-7.740,-8.305,-7.224,-8.256,-7.698,-7.161,-8.536,-9.898,-7.939,-9.173,-10.437,-6.692
101,-8.501,-11.120,-9.032,-8.230,-8.745,-7.769,-7.773,-8.366,-7.246,-8.381,-7.758,-7.172,-8.703,-10.162,-7.949,-9.800,-11.275,-6.741
102,-8.474,-11.239,-9.024,-8.230,-8.747,-7.731,-7.833,-8.440,-7.273,-8.518,-7.850,-7.206,-8.959,-10.497,-7.912,-10.558,-12.218,-6.768
103,-8.502,-11.347,-9.057,-8.274,-8.779,-7.739,-7.893,-8.498,-7.273,-8.671,-7.986,-7.243,-9.219,-10.875,-7.878,-11.363,-13.277,-6.791
104,-8.532,-11.484,-9.108,-8.322,-8.882,-7.757,-7.941,-8.464,-7.251,-8.854,-8.155,-7.277,-9.539,-11.273,-7.868,-12.208,-14.329,-6.821
105,-8.569,-11.651,-9.105,-8.426,-8.990,-7.775,-8.044,-8.270,-7.251,-9.094,-8.398,-7.296,-9.929,-11.727,-7.851,-12.950,-15.418,-6.840
106,-8.713,-11.848,-9.037,-8.533,-9.143,-7.791,-8.121,-8.003,-7.274,-9.311,-8.697,-7.300,-10.248,-12.210,-7.837,-13.497,-16.410,-6.848
107,-9.192,-12.049,-8.982,-8.671,-9.340,-7.798,-8.169,-7.809,-7.277,-9.600,-8.930,-7.305,-10.492,-12.621,-7.834,-13.845,-17.041,-6.867
108,-9.445,-12.322,-8.956,-8.838,-9.569,-7.814,-8.257,-7.759,-7.266,-9.962,-9.216,-7.328,-10.687,-12.984,-7.841,-13.956,-17.155,-6.897
109,-9.696,-12.640,-8.939,-9.049,-9.865,-7.829,-8.304,-7.757,-7.264,-10.327,-9.502,-7.377,-10.780,-13.254,-7.874,-13.932,-16.907,-6.916
110,-10.140,-12.988,-8.932,-9.262,-10.008,-7.833,-8.350,-7.757,-7.266,-10.678,-9.697,-7.430,-10.797,-13.345,-7.921,-13.916,-16.551,-6.920
111,-10.456,-13.324,-8.916,-9.462,-10.175,-7.837,-8.398,-7.757,-7.281,-11.055,-10.102,-7.471,-10.781,-13.255,-7.946,-13.899,-15.921,-6.920
112,-10.957,-13.673,-8.901,-9.717,-10.344,-7.851,-8.501,-7.773,-7.292,-11.378,-10.569,-7.505,-10.720,-12.999,-7.970,-13.839,-15.208,-6.920
113,-11.592,-14.007,-8.898,-9.943,-10.560,-7.867,-8.577,-7.816,-7.282,-11.738,-11.009,-7.524,-10.614,-12.650,-8.004,-13.747,-14.818,-6.920
114,-12.304,-14.339,-8.897,-10.087,-10.888,-7.874,-8.626,-7.833,-7.270,-12.012,-11.387,-7.528,-10.451,-12.201,-8.038,-13.612,-14.497,-6.920
115,-13.005,-14.598,-8.897,-10.280,-11.164,-7.890,-8.730,-7.866,-7.287,-12.226,-11.658,-7.529,-10.344,-11.823,-8.057,-13.477,-13.934,-6.925
116,-13.724,-14.796,-8.897,-10.797,-11.477,-7.905,-8.838,-7.969,-7.324,-12.395,-11.769,-7.529,-10.264,-11.560,-8.070,-13.386,-13.057,-6.943
117,-14.558,-14.936,-8.897,-11.266,-11.648,-7.909,-8.974,-8.062,-7.381,-12.564,-11.807,-7.529,-10.140,-11.332,-8.111,-13.327,-12.712,-6.973
118,-15.463,-15.102,-8.897,-11.662,-11.788,-7.913,-9.126,-8.172,-7.448,-12.762,-11.947,-7.528,-9.918,-11.120,-8.195,-13.359,-12.623,-6.992
119,-16.249,-15.240,-8.897,-11.971,-11.939,-7.932,-9.293,-8.384,-7.501,-12.978,-12.273,-7.524,-9.737,-10.968,-8.285,-13.505,-12.531,-6.996
120,-16.835,-15.387,-8.893,-12.319,-12.091,-7.962,-9.474,-8.668,-7.528,-13.310,-12.562,-7.506,-9.617,-10.877,-8.360,-13.628,-12.413,-7.001
121,-17.034,-15.435,-8.874,-12.664,-12.244,-7.985,-9.614,-8.938,-7.547,-13.690,-12.852,-7.475,-9.617,-10.833,-8.418,-13.763,-12.338,-7.024
122,-16.902,-15.437,-8.844,-12.892,-12.413,-8.007,-9.794,-9.113,-7.564,-14.106,-13.156,-7.457,-9.739,-10.893,-8.459,-13.864,-12.338,-7.077
123,-16.542,-15.424,-8.826,-13.002,-12.624,-8.034,-9.960,-9.338,-7.574,-14.667,-13.459,-7.453,-9.968,-11.027,-8.494,-13.820,-12.414,-7.148
124,-16.043,-15.443,-8.822,-13.062,-12.851,-8.038,-10.081,-9.902,-7.604,-15.356,-13.749,-7.452,-10.345,-11.165,-8.517,-13.672,-12.563,-7.220
125,-15.497,-15.600,-8.821,-13.060,-13.061,-8.035,-10.130,-10.494,-7.631,-15.928,-14.025,-7.453,-10.771,-11.340,-8.540,-13.494,-12.738,-7.273
126,-14.923,-15.650,-8.821,-12.953,-13.196,-8.065,-10.208,-10.733,-7.623,-16.602,-14.356,-7.457,-11.625,-11.727,-8.575,-13.407,-13.056,-7.300
127,-14.408,-15.691,-8.821,-12.730,-13.214,-8.110,-10.342,-10.875,-7.618,-17.480,-14.657,-7.476,-12.574,-12.149,-8.612,-13.489,-13.889,-7.328
128,-13.995,-15.973,-8.822,-12.516,-13.172,-8.137,-10.477,-11.027,-7.651,-18.102,-14.868,-7.510,-13.432,-12.484,-8.646,-13.883,-14.418,-7.381
129,-13.630,-16.333,-8.826,-12.276,-13.141,-8.159,-10.569,-11.178,-7.711,-18.111,-14.926,-7.551,-14.355,-13.114,-8.660,-14.532,-14.605,-7.448
130,-13.327,-16.655,-8.844,-12.092,-13.113,-8.190,-10.632,-11.314,-7.748,-17.361,-14.771,-7.605,-15.215,-13.811,-8.646,-15.353,-14.889,-7.501
131,-13.098,-16.993,-8.874,-11.924,-13.158,-8.213,-10.712,-11.405,-7.756,-16.105,-14.345,-7.658,-15.854,-14.551,-8.616,-15.988,-15.140,-7.528
132,-12.946,-17.434,-8.893,-11.744,-13.248,-8.235,-10.903,-11.461,-7.757,-14.799,-13.629,-7.704,-16.295,-15.185,-8.598,-16.369,-15.202,-7.551
133,-12.870,-17.963,-8.897,-11.636,-13.369,-8.266,-11.041,-11.380,-7.761,-13.839,-12.937,-7.765,-16.524,-15.637,-8.594,-16.508,-15.109,-7.586
134,-12.853,-18.525,-8.897,-11.560,-13.494,-8.285,-11.162,-11.027,-7.780,-13.195,-12.461,-7.851,-16.575,-15.779,-8.593,-16.441,-14.802,-7.623
135,-12.870,-19.092,-8.897,-11.501,-13.708,-8.289,-11.255,-10.675,-7.810,-12.754,-12.084,-7.939,-16.563,-15.733,-8.593,-16.369,-14.579,-7.657
136,-12.946,-19.778,-8.897,-11.501,-14.010,-8.289,-11.348,-10.624,-7.828,-12.509,-11.884,-8.003,-16.552,-15.514,-8.593,-16.387,-14.546,-7.676
137,-13.097,-20.249,-8.893,-11.560,-14.377,-8.294,-11.483,-10.752,-7.832,-12.433,-11.806,-8.065,-16.656,-14.967,-8.593,-16.559,-14.636,-7.680
138,-13.294,-20.188,-8.879,-11.652,-14.838,-8.316,-11.618,-10.862,-7.829,-12.524,-11.804,-8.133,-16.805,-14.452,-8.589,-16.984,-14.830,-7.681
139,-13.509,-19.555,-8.867,-11.789,-15.515,-8.365,-11.710,-11.054,-7.815,-12.761,-11.847,-8.190,-16.924,-13.995,-8.575,-17.652,-15.059,-7.681
140,-13.808,-18.826,-8.879,-11.958,-16.226,-8.414,-11.789,-11.177,-7.807,-13.002,-11.862,-8.235,-16.957,-13.587,-8.563,-18.178,-15.317,-7.681
141,-14.050,-18.037,-8.894,-12.201,-16.895,-8.437,-11.896,-11.272,-7.837,-13.214,-11.862,-8.289,-16.974,-13.311,-8.575,-18.440,-15.619,-7.680
142,-14.219,-16.862,-8.901,-12.517,-17.856,-8.445,-12.061,-11.408,-7.881,-13.365,-11.845,-8.342,-17.001,-13.098,-8.589,-18.502,-15.882,-7.676
143,-14.353,-15.944,-8.920,-12.825,-19.185,-8.464,-12.217,-11.577,-7.900,-13.442,-11.751,-8.383,-16.957,-12.963,-8.598,-18.384,-16.243,-7.658
144,-14.397,-15.447,-8.951,-13.233,-20.632,-8.495,-12.474,-11.805,-7.886,-13.458,-11.526,-8.422,-16.881,-12.931,-8.620,-18.176,-16.576,-7.628
145,-14.294,-14.856,-8.969,-13.675,-22.612,-8.517,-12.776,-12.093,-7.856,-13.427,-11.246,-8.459,-16.773,-12.979,-8.670,-17.999,-16.866,-7.613
146,-14.126,-13.813,-8.973,-14.152,-24.857,-8.540,-13.079,-12.418,-7.837,-13.322,-11.102,-8.494,-16.593,-13.157,-8.723,-17.970,-17.124,-7.628
147,-13.881,-13.212,-8.977,-14.815,-25.842,-8.571,-13.370,-12.913,-7.833,-13.198,-10.944,-8.513,-16.410,-13.370,-8.768,-18.107,-17.353,-7.658
148,-13.519,-12.808,-8.992,-15.495,-24.842,-8.593,-13.680,-13.771,-7.833,-12.986,-10.636,-8.517,-16.216,-13.601,-8.826,-18.435,-17.544,-7.677
149,-13.113,-12.457,-9.004,-16.105,-22.584,-8.616,-14.147,-14.761,-7.833,-12.717,-10.439,-8.521,-16.081,-13.925,-8.898,-18.785,-17.925,-7.685
150,-12.776,-12.124,-8.992,-16.684,-20.652,-8.650,-14.662,-15.622,-7.833,-12.490,-10.362,-8.536,-16.064,-14.105,-8.973,-19.199,-18.153,-7.703
151,-12.457,-11.848,-8.982,-17.256,-19.316,-8.683,-15.184,-16.161,-7.833,-12.338,-10.394,-8.547,-16.122,-14.092,-9.049,-19.366,-18.249,-7.734
152,-12.141,-11.560,-8.997,-17.668,-18.360,-8.704,-15.835,-16.944,-7.833,-12.263,-10.576,-8.536,-16.197,-13.931,-9.121,-19.321,-18.321,-7.757
153,-11.925,-11.290,-9.027,-17.981,-17.432,-8.710,-16.531,-17.721,-7.837,-12.281,-10.867,-8.521,-16.257,-13.766,-9.179,-19.047,-18.899,-7.784
154,-11.728,-11.144,-9.045,-18.013,-16.946,-8.726,-17.190,-18.584,-7.856,-12.465,-11.335,-8.517,-16.291,-13.649,-9.224,-18.566,-21.093,-7.833
155,-11.578,-11.241,-9.049,-17.846,-16.489,-8.741,-17.945,-19.388,-7.886,-12.841,-11.908,-8.517,-16.369,-13.669,-9.278,-17.989,-23.878,-7.882
156,-11.518,-11.717,-9.054,-17.446,-16.110,-8.745,-18.633,-20.117,-7.908,-13.315,-12.805,-8.517,-16.539,-13.927,-9.331,-17.684,-26.675,-7.908
157,-11.560,-12.319,-9.068,-17.068,-15.808,-8.750,-19.373,-20.740,-7.927,-13.959,-14.364,-8.517,-16.865,-14.431,-9.376,-17.627,-29.429,-7.931
158,-11.620,-12.928,-9.085,-16.759,-15.636,-8.768,-20.014,-21.240,-7.939,-14.541,-16.070,-8.517,-17.474,-15.186,-9.429,-17.897,-32.167,-7.962
159,-11.685,-13.537,-9.095,-16.400,-15.471,-8.798,-20.652,-21.574,-7.927,-15.122,-17.637,-8.517,-18.402,-16.474,-9.478,-18.752,-34.880,-7.981
160,-11.851,-14.162,-9.125,-16.158,-15.380,-8.817,-20.887,-21.722,-7.917,-16.152,-19.082,-8.521,-19.286,-17.465,-9.501,-19.956,-37.076,-7.989
161,-12.081,-14.830,-9.152,-16.047,-15.362,-8.826,-20.890,-21.286,-7.932,-17.155,-20.067,-8.536,-20.199,-18.222,-9.506,-21.164,-37.793,-8.004
162,-12.441,-15.513,-9.144,-15.972,-15.363,-8.848,-20.730,-19.995,-7.962,-17.797,-20.147,-8.552,-21.140,-19.366,-9.510,-22.598,-37.829,-8.020
163,-12.795,-16.198,-9.130,-15.945,-15.395,-8.893,-20.231,-18.962,-7.985,-18.157,-19.790,-8.554,-22.385,-20.590,-9.529,-23.245,-37.587,-8.026
164,-13.239,-16.882,-9.126,-16.049,-15.515,-8.927,-19.465,-18.156,-8.007,-18.458,-19.480,-8.547,-23.927,-21.737,-9.559,-23.364,-36.807,-8.042
165,-13.853,-17.567,-9.126,-16.218,-15.665,-8.934,-18.634,-17.274,-8.038,-18.969,-19.447,-8.518,-24.836,-22.637,-9.577,-23.536,-35.668,-8.061
166,-14.407,-18.251,-9.130,-16.492,-15.821,-8.932,-17.864,-16.316,-8.057,-19.874,-19.636,-8.495,-25.071,-22.967,-9.581,-24.213,-35.296,-8.079
167,-15.052,-18.935,-9.148,-16.896,-16.060,-8.916,-17.282,-15.629,-8.065,-21.036,-19.862,-8.522,-25.111,-23.332,-9.582,-25.587,-35.155,-8.092
168,-15.919,-19.603,-9.179,-17.270,-16.608,-8.906,-16.793,-15.152,-8.088,-22.208,-20.047,-8.562,-25.134,-23.713,-9.586,-27.058,-34.823,-8.084
169,-16.998,-20.227,-9.197,-17.833,-17.495,-8.920,-16.359,-14.773,-8.137,-23.499,-20.299,-8.565,-24.693,-23.131,-9.605,-28.530,-34.710,-8.092
170,-18.309,-20.819,-9.201,-18.578,-18.479,-8.946,-16.128,-14.501,-8.190,-23.747,-20.061,-8.535,-23.058,-21.119,-9.635,-29.647,-34.633,-8.138
171,-19.554,-21.368,-9.202,-19.483,-19.467,-8.951,-16.022,-14.393,-8.227,-23.132,-19.506,-8.499,-21.119,-18.979,-9.653,-28.796,-34.610,-8.190
172,-21.032,-21.902,-9.206,-20.429,-20.439,-8.943,-16.066,-14.408,-8.248,-21.797,-18.764,-8.469,-19.359,-17.467,-9.657,-26.374,-34.781,-8.231
173,-22.805,-22.451,-9.224,-21.057,-21.368,-8.959,-16.235,-14.546,-8.259,-20.177,-18.314,-8.468,-17.873,-16.462,-9.658,-23.623,-35.569,-8.270
174,-24.682,-23.037,-9.255,-22.237,-22.273,-8.992,-16.558,-14.826,-8.293,-19.108,-18.554,-8.495,-16.788,-15.914,-9.662,-20.960,-36.912,-8.307
175,-26.568,-23.515,-9.273,-23.751,-23.004,-9.026,-17.112,-15.368,-8.338,-18.848,-20.174,-8.513,-15.967,-16.198,-9.676,-18.642,-37.913,-8.342
176,-26.645,-23.364,-9.277,-25.155,-23.205,-9.045,-18.029,-16.091,-8.365,-19.019,-22.258,-8.517,-15.800,-16.830,-9.688,-17.614,-38.147,-8.361
177,-25.366,-22.245,-9.278,-25.854,-22.998,-9.049,-19.441,-16.788,-8.388,-19.697,-24.184,-8.517,-16.252,-17.975,-9.676,-17.628,-38.100,-8.365
178,-23.668,-20.992,-9.278,-25.847,-22.477,-9.050,-21.248,-17.783,-8.423,-21.102,-25.466,-8.521,-17.229,-19.776,-9.657,-18.661,-38.057,-8.369
179,-22.329,-19.832,-9.278,-25.002,-21.919,-9.054,-23.120,-18.492,-8.460,-22.306,-25.824,-8.536,-18.519,-20.936,-9.635,-20.401,-38.100,-8.388
180,-21.425,-18.612,-9.278,-23.389,-21.079,-9.072,-23.636,-18.828,-8.498,-22.712,-25.504,-8.547,-19.942,-20.961,-9.604,-20.837,-38.174,-8.414
181,-20.022,-18.042,-9.278,-22.442,-19.851,-9.102,-22.859,-18.803,-8.536,-22.178,-24.088,-8.536,-21.501,-19.655,-9.582,-19.985,-38.233,-8.414
182,-19.153,-17.528,-9.278,-21.654,-19.057,-9.117,-21.025,-18.537,-8.570,-20.726,-22.281,-8.521,-20.837,-18.131,-9.559,-18.418,-38.222,-8.387
183,-18.710,-17.209,-9.278,-20.794,-18.575,-9.107,-18.990,-18.193,-8.589,-18.471,-20.457,-8.517,-18.867,-16.980,-9.524,-17.550,-37.918,-8.365
184,-18.328,-17.054,-9.278,-20.004,-18.193,-9.095,-17.501,-17.918,-8.593,-16.727,-18.664,-8.517,-17.389,-16.308,-9.487,-17.659,-36.947,-8.343
185,-17.982,-16.993,-9.278,-19.291,-17.889,-9.107,-16.568,-17.695,-8.593,-15.927,-17.245,-8.522,-16.696,-16.407,-9.453,-18.802,-35.741,-8.312
186,-17.754,-17.035,-9.277,-18.711,-17.666,-9.117,-16.135,-17.276,-8.598,-15.527,-16.819,-8.540,-16.604,-17.457,-9.429,-20.795,-34.525,-8.293
187,-17.643,-17.102,-9.273,-18.208,-17.624,-9.102,-15.644,-16.828,-8.616,-15.438,-17.008,-8.570,-17.117,-19.106,-9.402,-23.729,-33.308,-8.289
188,-17.551,-17.306,-9.255,-17.766,-17.867,-9.072,-15.385,-16.513,-8.646,-15.693,-17.636,-8.589,-18.119,-20.855,-9.349,-28.655,-32.091,-8.289
189,-17.448,-17.827,-9.224,-17.345,-18.006,-9.050,-15.307,-16.449,-8.665,-16.232,-18.459,-8.593,-19.595,-21.982,-9.282,-30.301,-30.875,-8.290
190,-17.416,-18.030,-9.206,-17.081,-18.124,-9.031,-15.371,-16.553,-8.669,-16.840,-19.160,-8.593,-21.195,-22.881,-9.224,-29.844,-29.658,-8.298
191,-17.415,-18.082,-9.202,-16.839,-18.468,-9.019,-15.655,-16.797,-8.674,-17.551,-19.791,-8.589,-22.979,-23.593,-9.179,-28.027,-28.441,-8.335
192,-17.432,-18.072,-9.206,-16.657,-18.894,-9.031,-16.039,-17.172,-8.692,-17.903,-19.823,-8.570,-24.719,-23.710,-9.125,-25.811,-27.224,-8.396
193,-17.507,-17.826,-9.220,-16.536,-19.411,-9.045,-16.632,-17.900,-8.722,-17.970,-19.290,-8.540,-25.208,-23.470,-9.072,-23.955,-25.991,-8.437
194,-17.609,-17.226,-9.232,-16.504,-20.015,-9.049,-17.423,-18.618,-8.740,-17.871,-18.562,-8.522,-24.444,-23.280,-9.031,-22.791,-24.727,-8.468
195,-17.641,-16.864,-9.224,-16.519,-20.614,-9.049,-18.401,-18.687,-8.741,-17.787,-17.594,-8.517,-24.110,-22.987,-8.996,-22.497,-23.704,-8.517
196,-17.642,-16.407,-9.224,-16.579,-20.988,-9.049,-19.700,-18.322,-8.726,-17.873,-17.279,-8.513,-23.833,-22.141,-8.973,-22.580,-23.229,-8.570
197,-17.625,-15.868,-9.236,-16.671,-21.022,-9.045,-21.065,-17.854,-8.710,-18.004,-17.287,-8.494,-22.876,-20.906,-8.946,-22.546,-22.502,-8.611
198,-17.566,-15.440,-9.238,-16.809,-20.754,-9.027,-22.471,-17.338,-8.704,-18.046,-17.194,-8.459,-21.623,-19.508,-8.897,-21.955,-21.631,-8.646
199,-17.490,-15.075,-9.236,-17.009,-20.376,-8.996,-22.982,-16.811,-8.688,-17.615,-16.568,-8.422,-20.264,-18.350,-8.849,-20.882,-20.839,-8.660
200,-17.399,-14.771,-9.220,-17.342,-19.522,-8.978,-22.520,-16.376,-8.673,-16.187,-15.748,-8.383,-19.025,-17.364,-8.826,-19.459,-20.100,-8.646
201,-17.295,-14.526,-9.206,-17.752,-18.553,-8.974,-21.265,-16.185,-8.669,-14.563,-15.047,-8.342,-18.099,-16.598,-8.822,-18.179,-19.554,-8.616
202,-17.247,-14.314,-9.202,-18.237,-17.512,-8.973,-19.725,-16.044,-8.665,-13.070,-14.490,-8.289,-17.504,-16.298,-8.821,-17.694,-19.565,-8.593
203,-17.203,-14.162,-9.202,-18.747,-16.631,-8.973,-18.512,-15.876,-8.651,-12.067,-13.476,-8.240,-17.209,-16.199,-8.821,-17.658,-20.054,-8.566
204,-17.189,-14.053,-9.201,-19.459,-15.892,-8.973,-17.345,-15.665,-8.639,-11.182,-12.494,-8.217,-17.087,-16.140,-8.821,-17.978,-20.383,-8.512
205,-17.221,-13.933,-9.197,-20.361,-15.482,-8.973,-16.323,-15.437,-8.651,-10.387,-11.673,-8.209,-17.131,-16.138,-8.821,-18.665,-20.423,-8.440
206,-17.358,-13.842,-9.179,-21.112,-15.051,-8.973,-15.741,-15.210,-8.665,-9.926,-11.022,-8.190,-17.297,-16.165,-8.821,-19.422,-20.078,-8.361
207,-17.586,-13.780,-9.148,-22.633,-14.471,-8.969,-15.132,-15.000,-8.664,-9.679,-10.610,-8.160,-17.549,-16.136,-8.822,-19.830,-19.062,-8.266
208,-17.906,-13.731,-9.130,-24.168,-14.056,-8.951,-14.502,-14.861,-8.646,-9.558,-10.394,-8.141,-17.758,-16.088,-8.825,-19.849,-18.174,-8.160
209,-18.352,-13.609,-9.126,-25.370,-13.688,-8.920,-14.046,-14.765,-8.616,-9.601,-10.328,-8.132,-17.816,-15.963,-8.840,-19.548,-17.591,-8.065
210,-19.009,-13.427,-9.125,-25.948,-13.309,-8.902,-13.766,-14.590,-8.597,-9.740,-10.284,-8.110,-17.681,-15.701,-8.852,-19.010,-17.213,-7.985
211,-19.967,-13.171,-9.121,-24.836,-12.962,-8.898,-13.521,-14.527,-8.589,-10.003,-10.301,-8.061,-17.397,-15.197,-8.840,-18.441,-17.101,-7.913
212,-20.850,-12.911,-9.103,-22.703,-12.700,-8.897,-13.266,-14.508,-8.570,-10.506,-10.418,-8.012,-17.069,-14.774,-8.825,-18.034,-17.100,-7.856
213,-22.039,-12.623,-9.072,-20.799,-12.455,-8.897,-13.099,-14.465,-8.540,-10.929,-10.539,-7.989,-16.844,-14.468,-8.822,-17.892,-17.212,-7.815
214,-23.606,-12.319,-9.054,-19.426,-12.184,-8.897,-13.022,-14.450,-8.522,-11.218,-10.635,-7.980,-16.784,-14.256,-8.821,-17.870,-17.207,-7.780
215,-24.503,-12.000,-9.050,-18.134,-11.956,-8.897,-13.005,-14.465,-8.517,-11.371,-10.826,-7.957,-16.902,-14.163,-8.817,-17.837,-16.994,-7.761
216,-24.428,-11.666,-9.049,-16.953,-11.756,-8.897,-13.020,-14.508,-8.513,-11.402,-10.951,-7.909,-17.128,-14.145,-8.798,-17.734,-16.571,-7.761
217,-23.372,-11.361,-9.049,-16.007,-11.532,-8.897,-13.063,-14.506,-8.494,-11.324,-11.091,-7.860,-17.417,-14.144,-8.763,-17.626,-15.975,-7.780
218,-21.873,-11.034,-9.049,-15.229,-11.392,-8.897,-13.079,-14.430,-8.464,-11.088,-11.322,-7.833,-17.753,-14.144,-8.722,-17.490,-15.518,-7.809
219,-20.450,-10.878,-9.049,-14.559,-11.254,-8.893,-13.079,-14.278,-8.441,-10.887,-11.355,-7.806,-18.175,-14.145,-8.670,-17.338,-15.150,-7.824
220,-18.856,-10.799,-9.045,-13.978,-11.101,-8.874,-13.061,-14.051,-8.418,-10.603,-11.244,-7.756,-18.594,-14.161,-8.620,-17.185,-14.830,-7.809
221,-17.551,-10.739,-9.027,-13.418,-10.919,-8.844,-12.968,-13.764,-8.383,-10.379,-11.241,-7.704,-18.863,-14.203,-8.593,-17.000,-14.528,-7.779
222,-16.556,-10.705,-8.996,-12.947,-10.713,-8.826,-12.758,-13.477,-8.346,-10.286,-11.273,-7.667,-18.873,-14.203,-8.566,-16.730,-14.290,-7.761
223,-15.762,-10.614,-8.978,-12.565,-10.649,-8.822,-12.487,-13.231,-8.308,-10.287,-11.369,-7.651,-18.519,-14.159,-8.517,-16.460,-14.242,-7.753
224,-15.076,-10.470,-8.974,-12.245,-10.629,-8.826,-12.227,-12.970,-8.271,-10.413,-11.629,-7.662,-17.682,-14.111,-8.464,-16.275,-14.332,-7.733
225,-14.467,-10.453,-8.973,-11.957,-10.571,-8.844,-11.938,-12.624,-8.236,-10.761,-12.101,-7.672,-16.723,-13.992,-8.423,-16.121,-14.543,-7.699
226,-13.918,-10.538,-8.973,-11.729,-10.528,-8.874,-11.636,-12.280,-8.213,-11.296,-12.783,-7.658,-15.586,-13.870,-8.388,-15.952,-14.810,-7.662
227,-13.403,-10.585,-8.973,-11.561,-10.556,-8.893,-11.346,-12.065,-8.190,-12.063,-13.974,-7.632,-14.394,-13.738,-8.365,-15.722,-15.011,-7.623
228,-12.962,-10.631,-8.974,-11.440,-10.602,-8.897,-11.072,-11.949,-8.155,-13.213,-15.752,-7.632,-13.336,-13.368,-8.342,-15.402,-15.183,-7.582
229,-12.608,-10.661,-8.977,-11.391,-10.690,-8.893,-10.789,-11.708,-8.118,-14.616,-17.812,-7.663,-12.571,-12.966,-8.307,-14.980,-15.465,-7.529
230,-12.246,-10.693,-8.991,-11.331,-10.722,-8.879,-10.632,-11.407,-8.080,-16.009,-19.813,-7.699,-11.976,-12.756,-8.270,-14.543,-15.321,-7.475
231,-11.930,-10.741,-8.999,-11.272,-10.742,-8.867,-10.492,-11.103,-8.042,-16.917,-22.177,-7.729,-11.516,-12.426,-8.232,-14.163,-14.972,-7.430
232,-11.756,-10.890,-8.969,-11.256,-10.868,-8.879,-10.308,-10.798,-8.008,-16.911,-21.750,-7.729,-11.133,-12.108,-8.195,-13.857,-14.754,-7.377
233,-11.558,-10.998,-8.924,-11.271,-11.181,-8.897,-10.037,-10.478,-7.989,-16.188,-19.731,-7.699,-10.730,-11.831,-8.160,-13.597,-14.567,-7.328
234,-11.349,-11.518,-8.902,-11.315,-11.540,-8.915,-9.735,-10.133,-7.985,-15.255,-18.123,-7.662,-10.497,-11.516,-8.141,-13.341,-14.294,-7.305
235,-11.213,-11.779,-8.898,-11.346,-11.827,-8.928,-9.448,-9.878,-7.980,-14.305,-17.394,-7.628,-10.310,-11.273,-8.137,-13.158,-13.975,-7.301
236,-11.164,-11.879,-8.897,-11.391,-11.980,-8.916,-9.235,-9.779,-7.962,-13.559,-17.228,-7.609,-10.089,-11.088,-8.137,-13.021,-13.611,-7.300
237,-11.119,-11.999,-8.897,-11.423,-12.030,-8.906,-9.094,-9.673,-7.931,-12.981,-17.314,-7.600,-9.982,-10.909,-8.137,-12.929,-13.232,-7.300
238,-11.104,-12.091,-8.897,-11.484,-12.073,-8.925,-8.928,-9.566,-7.909,-12.568,-17.549,-7.581,-9.981,-10.818,-8.137,-12.870,-12.855,-7.296
239,-11.118,-12.167,-8.897,-11.575,-12.056,-8.978,-8.774,-9.445,-7.886,-12.262,-17.743,-7.547,-10.057,-10.818,-8.141,-12.886,-12.558,-7.282
240,-11.149,-12.224,-8.893,-11.679,-11.921,-9.041,-8.566,-9.338,-7.856,-12.034,-17.790,-7.510,-10.209,-10.910,-8.155,-12.989,-12.492,-7.270
241,-11.184,-12.193,-8.874,-11.742,-11.711,-9.079,-8.444,-9.218,-7.837,-11.881,-17.743,-7.476,-10.435,-11.121,-8.167,-13.097,-12.533,-7.278
242,-11.344,-12.048,-8.844,-11.830,-11.501,-9.090,-8.381,-9.127,-7.833,-11.787,-17.561,-7.461,-10.690,-11.391,-8.151,-13.250,-12.598,-7.273
243,-11.438,-11.950,-8.830,-11.862,-11.349,-9.107,-8.349,-9.064,-7.828,-11.692,-17.251,-7.476,-10.890,-11.635,-8.118,-13.462,-12.779,-7.247
244,-11.559,-11.758,-8.844,-11.862,-11.255,-9.122,-8.305,-9.000,-7.810,-11.524,-16.675,-7.506,-11.103,-11.879,-8.079,-13.705,-13.036,-7.233
245,-11.678,-11.230,-8.870,-11.845,-11.178,-9.130,-8.273,-8.853,-7.775,-11.252,-15.885,-7.524,-11.312,-12.134,-8.034,-13.976,-13.634,-7.243
246,-11.726,-10.848,-8.870,-11.770,-11.086,-9.148,-8.211,-8.746,-7.743,-10.916,-14.925,-7.528,-11.448,-12.319,-7.962,-14.219,-14.758,-7.254
247,-11.771,-10.529,-8.848,-11.651,-10.949,-9.179,-8.103,-8.653,-7.726,-10.491,-13.724,-7.529,-11.481,-12.485,-7.883,-14.432,-15.281,-7.238
248,-11.786,-10.312,-8.848,-11.543,-10.780,-9.197,-7.908,-8.533,-7.734,-10.005,-12.657,-7.529,-11.464,-12.616,-7.841,-14.599,-15.736,-7.205
249,-11.770,-10.119,-8.871,-11.406,-10.538,-9.201,-7.698,-8.442,-7.734,-9.465,-11.642,-7.529,-11.369,-12.559,-7.824,-14.736,-16.393,-7.167
250,-11.710,-9.680,-8.883,-11.255,-10.241,-9.202,-7.531,-8.366,-7.726,-9.022,-10.804,-7.533,-11.110,-12.436,-7.787,-14.828,-16.996,-7.130
251,-11.618,-9.400,-8.908,-11.103,-10.059,-9.202,-7.411,-8.306,-7.738,-8.668,-10.074,-7.547,-10.663,-12.191,-7.726,-14.903,-17.434,-7.095
252,-11.481,-9.160,-8.967,-10.951,-9.990,-9.202,-7.378,-8.289,-7.753,-8.268,-9.484,-7.559,-10.239,-11.784,-7.690,-14.943,-17.624,-7.077
253,-11.314,-8.638,-9.006,-10.798,-9.886,-9.211,-7.376,-8.273,-7.761,-8.110,-9.084,-7.547,-9.898,-11.312,-7.681,-14.817,-17.407,-7.073
254,-11.119,-8.465,-9.030,-10.647,-9.429,-9.256,-7.376,-8.227,-7.780,-8.016,-8.791,-7.533,-9.477,-10.769,-7.680,-14.423,-16.688,-7.072
255,-10.948,-8.467,-9.041,-10.511,-8.958,-9.357,-7.376,-8.162,-7.810,-7.951,-8.492,-7.528,-9.111,-10.249,-7.676,-13.814,-15.723,-7.072
256,-10.734,-8.380,-9.027,-10.401,-8.826,-9.465,-7.376,-7.982,-7.833,-7.815,-8.308,-7.520,-8.762,-10.025,-7.657,-12.942,-14.676,-7.073
257,-10.425,-8.289,-9.001,-10.251,-8.788,-9.504,-7.377,-7.740,-7.856,-7.621,-8.197,-7.482,-8.460,-9.852,-7.623,-12.048,-13.611,-7.077
258,-10.270,-8.198,-9.001,-10.089,-8.685,-9.470,-7.394,-7.472,-7.890,-7.453,-8.077,-7.418,-8.249,-9.599,-7.591,-11.208,-12.534,-7.095
259,-10.188,-8.111,-9.028,-10.040,-8.592,-9.439,-7.452,-7.291,-7.923,-7.300,-7.986,-7.362,-8.155,-9.386,-7.579,-10.332,-11.490,-7.125
260,-10.065,-8.121,-9.054,-10.038,-8.484,-9.435,-7.511,-7.254,-7.939,-7.148,-7.909,-7.324,-8.118,-9.229,-7.609,-9.588,-10.618,-7.143
261,-9.860,-8.120,-9.095,-10.038,-8.322,-9.457,-7.528,-7.197,-7.932,-6.981,-7.850,-7.300,-7.992,-9.005,-7.654,-8.964,-9.785,-7.143
262,-9.752,-8.077,-9.156,-10.038,-8.231,-9.505,-7.529,-7.209,-7.935,-6.819,-7.832,-7.278,-7.681,-8.823,-7.680,-8.471,-9.086,-7.121
263,-9.718,-8.062,-9.197,-10.038,-8.197,-9.550,-7.529,-7.223,-7.953,-6.770,-7.800,-7.251,-7.386,-8.669,-7.703,-7.962,-8.521,-7.077
264,-9.674,-8.062,-9.224,-10.038,-8.153,-9.554,-7.529,-7.208,-7.935,-6.767,-7.713,-7.243,-7.304,-8.517,-7.734,-7.616,-8.038,-7.046
265,-9.659,-8.078,-9.259,-10.037,-8.137,-9.524,-7.529,-7.164,-7.878,-6.735,-7.681,-7.232,-7.301,-8.366,-7.752,-7.532,-7.730,-7.054
266,-9.675,-8.138,-9.296,-10.022,-8.121,-9.492,-7.529,-7.133,-7.846,-6.649,-7.664,-7.190,-7.317,-8.247,-7.756,-7.529,-7.521,-7.068
267,-9.738,-8.214,-9.335,-9.978,-8.094,-9.480,-7.529,-7.089,-7.856,-6.618,-7.605,-7.156,-7.360,-8.215,-7.757,-7.545,-7.133,-7.076
268,-9.880,-8.305,-9.372,-9.963,-8.121,-9.510,-7.529,-7.072,-7.886,-6.639,-7.546,-7.144,-7.376,-8.230,-7.757,-7.588,-6.735,-7.095
269,-10.221,-8.424,-9.411,-9.962,-8.136,-9.555,-7.529,-7.056,-7.904,-6.823,-7.529,-7.116,-7.377,-8.289,-7.761,-7.604,-6.621,-7.125
270,-10.583,-8.499,-9.453,-9.955,-8.138,-9.586,-7.529,-7.013,-7.908,-7.229,-7.511,-7.045,-7.394,-8.348,-7.784,-7.605,-6.616,-7.144
271,-10.535,-8.516,-9.514,-9.798,-8.153,-9.627,-7.529,-6.997,-7.909,-7.388,-7.452,-6.947,-7.453,-8.362,-7.833,-7.621,-6.616,-7.153
272,-10.049,-8.501,-9.600,-9.349,-8.197,-9.688,-7.529,-6.997,-7.913,-7.489,-7.377,-6.871,-7.528,-8.314,-7.882,-7.664,-6.616,-7.176
273,-9.463,-8.457,-9.688,-9.149,-8.212,-9.720,-7.529,-7.013,-7.932,-7.715,-7.317,-6.822,-7.587,-8.134,-7.908,-7.680,-6.616,-7.224
274,-9.286,-8.441,-9.752,-9.126,-8.214,-9.711,-7.528,-7.055,-7.962,-8.028,-7.302,-6.773,-7.604,-7.892,-7.931,-7.681,-6.616,-7.269
275,-9.294,-8.424,-9.810,-9.108,-8.229,-9.685,-7.512,-7.055,-7.980,-8.286,-7.317,-6.746,-7.605,-7.622,-7.962,-7.682,-6.623,-7.273
276,-9.337,-8.364,-9.872,-9.049,-8.273,-9.685,-7.469,-7.012,-7.980,-8.483,-7.376,-6.768,-7.622,-7.413,-7.981,-7.714,-6.787,-7.255
277,-9.336,-8.289,-9.949,-8.973,-8.287,-9.711,-7.452,-6.981,-7.962,-8.591,-7.437,-6.795,-7.681,-7.335,-7.994,-7.822,-7.384,-7.270
278,-9.277,-8.212,-10.037,-8.897,-8.272,-9.725,-7.436,-6.937,-7.932,-8.652,-7.485,-6.790,-7.739,-7.360,-8.035,-8.028,-8.137,-7.308
279,-9.202,-8.121,-10.068,-8.821,-8.212,-9.715,-7.393,-6.938,-7.913,-8.668,-7.588,-6.791,-7.740,-7.364,-8.118,-8.522,-8.897,-7.310
280,-9.125,-8.001,-10.076,-8.729,-8.138,-9.704,-7.377,-6.997,-7.905,-8.653,-7.663,-6.799,-7.713,-7.420,-8.199,-9.110,-9.659,-7.286
281,-9.033,-7.909,-10.135,-8.610,-8.077,-9.716,-7.376,-7.072,-7.891,-8.609,-7.681,-6.786,-7.742,-7.779,-8.234,-9.691,-10.433,-7.270
282,-8.913,-7.816,-10.201,-8.518,-8.044,-9.734,-7.377,-7.148,-7.883,-8.578,-7.714,-6.772,-7.780,-8.290,-8.208,-10.328,-11.208,-7.278
283,-8.806,-7.681,-10.247,-8.442,-7.968,-9.755,-7.393,-7.224,-7.913,-8.551,-7.819,-6.768,-7.982,-8.816,-8.160,-10.983,-11.943,-7.273
284,-8.686,-7.546,-10.285,-8.381,-7.865,-9.769,-7.436,-7.300,-7.958,-8.612,-7.941,-6.768,-8.481,-9.239,-8.128,-11.680,-12.789,-7.247
285,-8.595,-7.453,-10.319,-8.349,-7.817,-9.710,-7.452,-7.376,-7.980,-8.746,-8.104,-6.768,-8.838,-9.468,-8.134,-12.352,-13.568,-7.228
286,-8.533,-7.376,-10.343,-8.305,-7.756,-9.578,-7.473,-7.452,-7.985,-8.898,-8.212,-6.773,-9.224,-9.892,-8.195,-13.084,-14.390,-7.220
287,-8.485,-7.301,-10.379,-8.273,-7.682,-9.493,-7.615,-7.511,-7.993,-9.066,-8.305,-6.791,-9.791,-10.435,-8.258,-13.889,-15.244,-7.201
288,-8.397,-7.241,-10.473,-8.214,-7.637,-9.488,-7.984,-7.528,-8.021,-9.261,-8.425,-6.826,-10.253,-11.014,-8.283,-14.772,-15.872,-7.167
289,-8.350,-7.225,-10.624,-8.170,-7.649,-9.497,-8.339,-7.529,-8.041,-9.429,-8.516,-6.863,-10.781,-11.641,-8.284,-15.701,-16.005,-7.130
290,-8.305,-7.224,-10.767,-8.197,-7.620,-9.482,-8.438,-7.529,-8.004,-9.582,-8.593,-6.902,-11.260,-12.402,-8.266,-16.790,-15.904,-7.095
291,-8.290,-7.209,-10.869,-8.212,-7.605,-9.448,-8.474,-7.529,-7.967,-9.733,-8.669,-6.943,-11.520,-12.972,-8.236,-17.136,-15.701,-7.077
292,-8.289,-7.181,-10.946,-8.213,-7.605,-9.411,-8.577,-7.529,-7.990,-9.869,-8.746,-7.000,-11.599,-13.175,-8.217,-16.738,-15.252,-7.073
293,-8.290,-7.210,-11.008,-8.213,-7.605,-9.368,-8.651,-7.545,-8.038,-9.961,-8.839,-7.068,-11.540,-13.118,-8.213,-15.809,-14.748,-7.072
294,-8.306,-7.256,-11.072,-8.214,-7.605,-9.312,-8.668,-7.589,-8.079,-10.022,-8.992,-7.125,-11.390,-12.891,-8.213,-15.047,-14.117,-7.072
295,-8.366,-7.345,-11.160,-8.229,-7.605,-9.248,-8.669,-7.622,-8.114,-10.074,-9.219,-7.171,-11.195,-12.514,-8.213,-14.376,-13.555,-7.072
296,-8.441,-7.408,-11.251,-8.256,-7.605,-9.210,-8.670,-7.697,-8.137,-10.242,-9.507,-7.224,-11.028,-12.065,-8.214,-13.774,-13.083,-7.068
297,-8.518,-7.514,-11.331,-8.229,-7.620,-9.198,-8.686,-7.799,-8.164,-10.558,-9.835,-7.278,-10.892,-11.716,-8.222,-13.388,-12.675,-7.054
298,-8.610,-7.621,-11.411,-8.229,-7.648,-9.179,-8.730,-7.830,-8.213,-10.925,-10.380,-7.318,-10.818,-11.466,-8.259,-13.098,-12.398,-7.042
299,-8.729,-7.757,-11.501,-8.240,-7.622,-9.148,-8.762,-7.817,-8.262,-11.409,-11.426,-7.353,-10.835,-11.197,-8.319,-12.870,-12.168,-7.054
300,-8.821,-7.908,-11.589,-8.167,-7.657,-9.126,-8.821,-7.789,-8.293,-11.939,-12.564,-7.372,-10.986,-10.632,-8.356,-12.702,-11.956,-7.068
301,-8.898,-8.044,-11.653,-8.105,-7.852,-9.107,-8.880,-7.818,-8.334,-12.472,-13.398,-7.376,-11.239,-10.444,-8.369,-12.582,-11.789,-7.076
302,-8.989,-8.153,-11.715,-8.001,-8.135,-9.095,-8.897,-7.848,-8.395,-13.021,-14.217,-7.376,-11.485,-10.479,-8.392,-12.549,-11.668,-7.095
303,-9.093,-8.289,-11.787,-7.926,-8.373,-9.103,-8.897,-7.892,-8.432,-13.611,-15.283,-7.376,-11.776,-10.511,-8.441,-12.547,-11.620,-7.126
304,-9.141,-8.424,-11.863,-7.893,-8.438,-9.099,-8.898,-7.908,-8.441,-14.187,-16.630,-7.377,-12.163,-10.570,-8.494,-12.530,-11.575,-7.148
305,-9.202,-8.516,-11.939,-7.848,-8.441,-9.072,-8.914,-7.909,-8.445,-14.688,-18.116,-7.381,-12.442,-10.633,-8.536,-12.469,-11.542,-7.171
306,-9.277,-8.594,-12.011,-7.801,-8.441,-9.049,-8.973,-7.925,-8.464,-15.108,-19.317,-7.400,-12.742,-10.729,-8.575,-12.362,-11.464,-7.206
307,-9.337,-8.684,-12.069,-7.730,-8.441,-9.022,-9.033,-7.968,-8.490,-15.299,-19.859,-7.434,-12.968,-10.979,-8.616,-12.181,-11.314,-7.248
308,-9.368,-8.771,-12.118,-7.741,-8.442,-8.973,-9.066,-7.987,-8.495,-15.471,-19.980,-7.471,-13.078,-11.177,-8.674,-11.984,-11.118,-7.305
309,-9.396,-8.760,-12.190,-7.740,-8.459,-8.921,-9.126,-8.053,-8.500,-15.709,-19.658,-7.510,-13.139,-11.330,-8.745,-11.762,-10.936,-7.377
310,-9.352,-8.745,-12.274,-7.697,-8.535,-8.883,-9.204,-8.293,-8.567,-15.893,-18.810,-7.552,-13.153,-11.466,-8.817,-11.655,-10.759,-7.453
311,-9.278,-8.729,-12.337,-7.681,-8.670,-8.863,-9.328,-8.610,-8.668,-16.061,-17.883,-7.609,-13.106,-11.557,-8.874,-11.654,-10.718,-7.533
312,-9.218,-8.685,-12.395,-7.681,-8.821,-8.852,-9.568,-8.970,-8.709,-16.240,-16.910,-7.681,-12.959,-11.619,-8.916,-11.747,-10.911,-7.627
313,-9.185,-8.654,-12.445,-7.681,-8.973,-8.817,-9.825,-9.268,-8.695,-16.330,-15.848,-7.752,-12.838,-11.650,-8.955,-11.959,-11.240,-7.729
314,-9.125,-8.627,-12.471,-7.698,-9.108,-8.772,-10.081,-9.351,-8.697,-16.310,-15.175,-7.810,-12.734,-11.678,-8.996,-12.278,-11.575,-7.805
315,-9.050,-8.671,-12.499,-7.757,-9.201,-8.745,-10.281,-9.371,-8.728,-16.079,-14.363,-7.856,-12.718,-11.651,-9.049,-12.702,-11.941,-7.846
316,-8.990,-8.745,-12.552,-7.816,-9.278,-8.718,-10.479,-9.430,-8.773,-15.559,-13.722,-7.913,-12.777,-11.654,-9.098,-13.175,-12.354,-7.867
317,-8.958,-8.821,-12.619,-7.850,-9.354,-8.665,-10.661,-9.506,-8.843,-15.057,-13.128,-7.985,-12.870,-11.730,-9.121,-13.729,-12.877,-7.878
318,-8.914,-8.897,-12.677,-7.926,-9.429,-8.607,-10.842,-9.598,-8.919,-14.552,-12.611,-8.056,-13.038,-11.882,-9.125,-14.507,-13.610,-7.908
319,-8.898,-8.974,-12.722,-8.044,-9.488,-8.598,-10.965,-9.719,-8.950,-13.965,-12.141,-8.113,-13.292,-12.126,-9.130,-15.598,-14.667,-7.935
320,-8.897,-9.067,-12.776,-8.135,-9.488,-8.657,-11.071,-9.843,-8.966,-13.463,-11.772,-8.151,-13.535,-12.472,-9.149,-16.856,-15.824,-7.931
321,-8.897,-9.202,-12.829,-8.200,-9.429,-8.680,-11.135,-10.023,-9.013,-13.022,-11.409,-8.171,-13.762,-12.833,-9.183,-18.580,-17.500,-7.936
322,-8.898,-9.354,-12.870,-8.315,-9.354,-8.618,-11.240,-10.206,-9.064,-12.642,-11.093,-8.178,-13.938,-13.120,-9.220,-19.827,-19.362,-7.962
323,-8.914,-9.506,-12.905,-8.670,-9.278,-8.569,-11.346,-10.419,-9.102,-12.336,-10.902,-8.199,-13.923,-13.292,-9.254,-20.272,-20.925,-7.981
324,-8.974,-9.658,-12.928,-9.041,-9.202,-8.559,-11.467,-10.646,-9.125,-12.076,-10.646,-8.232,-13.702,-13.432,-9.273,-20.354,-21.739,-7.989
325,-9.049,-9.810,-12.950,-9.216,-9.143,-8.570,-11.559,-10.857,-9.148,-11.803,-10.376,-8.266,-13.459,-13.621,-9.277,-20.164,-22.325,-8.008
326,-9.126,-9.961,-12.981,-9.389,-9.128,-8.571,-11.651,-11.033,-9.179,-11.545,-10.192,-8.285,-13.198,-13.650,-9.278,-19.905,-22.863,-8.043
327,-9.218,-10.097,-13.000,-9.659,-9.161,-8.567,-11.772,-11.332,-9.197,-11.305,-10.039,-8.289,-12.867,-13.500,-9.282,-19.545,-22.808,-8.084
328,-9.338,-10.189,-13.008,-9.963,-9.314,-8.593,-11.896,-11.997,-9.206,-11.182,-9.902,-8.289,-12.533,-13.231,-9.300,-18.869,-21.947,-8.141
329,-9.446,-10.248,-13.027,-10.281,-9.599,-8.620,-12.076,-12.606,-9.229,-11.120,-9.795,-8.289,-12.202,-12.944,-9.331,-17.745,-20.438,-8.209
330,-9.582,-10.248,-13.061,-10.600,-9.930,-8.616,-12.260,-12.822,-9.278,-11.104,-9.691,-8.293,-11.958,-12.685,-9.349,-16.517,-18.486,-8.266
331,-9.718,-10.189,-13.098,-10.896,-10.221,-8.620,-12.489,-13.056,-9.326,-11.119,-9.644,-8.312,-11.805,-12.447,-9.353,-15.645,-17.065,-8.307
332,-9.843,-10.114,-13.129,-11.344,-10.540,-8.647,-12.776,-13.429,-9.349,-11.162,-9.614,-8.343,-11.713,-12.339,-9.354,-14.966,-15.947,-8.346
333,-10.023,-10.038,-13.133,-11.742,-10.848,-8.665,-13.081,-13.780,-9.358,-11.178,-9.627,-8.365,-11.670,-12.321,-9.354,-14.643,-15.380,-8.383
334,-10.206,-9.964,-13.121,-12.169,-11.242,-8.669,-13.400,-14.144,-9.376,-11.178,-9.613,-8.392,-11.730,-12.339,-9.358,-14.587,-15.234,-8.418
335,-10.403,-9.936,-13.115,-12.626,-11.684,-8.670,-13.749,-14.491,-9.407,-11.161,-9.626,-8.441,-11.884,-12.449,-9.372,-14.898,-15.312,-8.437
336,-10.587,-10.025,-13.103,-13.129,-12.211,-8.674,-14.084,-14.749,-9.426,-11.084,-9.599,-8.494,-12.161,-12.736,-9.384,-15.748,-15.670,-8.445
337,-10.798,-10.147,-13.107,-13.717,-12.697,-8.692,-14.435,-14.930,-9.434,-10.934,-9.616,-8.536,-12.647,-13.157,-9.368,-16.704,-16.122,-8.464
338,-11.009,-10.327,-13.133,-14.258,-13.126,-8.723,-14.800,-14.995,-9.453,-10.755,-9.717,-8.575,-13.317,-13.597,-9.335,-17.798,-16.590,-8.490
339,-11.161,-10.492,-13.147,-14.944,-13.555,-8.745,-15.220,-15.041,-9.483,-10.631,-9.775,-8.616,-14.192,-14.038,-9.297,-18.902,-16.991,-8.490
340,-11.256,-10.613,-13.128,-15.845,-14.091,-8.768,-15.542,-15.073,-9.506,-10.493,-9.733,-8.674,-15.093,-14.490,-9.264,-20.355,-17.106,-8.464
341,-11.381,-10.663,-13.080,-16.646,-14.432,-8.803,-15.827,-15.117,-9.528,-10.326,-9.678,-8.745,-16.116,-14.835,-9.247,-20.847,-17.127,-8.445
342,-11.603,-10.741,-13.027,-17.651,-14.764,-8.836,-15.966,-15.148,-9.559,-10.131,-9.727,-8.817,-17.350,-15.658,-9.254,-20.598,-17.170,-8.441
343,-11.787,-10.890,-12.990,-18.798,-14.996,-8.856,-16.029,-15.176,-9.573,-9.981,-9.963,-8.874,-18.514,-17.000,-9.246,-19.738,-17.186,-8.437
344,-11.971,-11.054,-12.965,-20.307,-15.225,-8.867,-16.045,-15.149,-9.563,-9.904,-10.215,-8.916,-19.088,-17.910,-9.197,-18.814,-17.186,-8.418
345,-12.194,-11.133,-12.944,-21.498,-15.480,-8.902,-16.046,-15.151,-9.551,-9.887,-10.341,-8.955,-19.005,-18.023,-9.130,-17.894,-17.186,-8.388
346,-12.316,-11.224,-12.911,-22.537,-15.667,-8.951,-16.046,-15.210,-9.563,-9.903,-10.434,-8.996,-18.433,-17.436,-9.073,-16.798,-17.175,-8.369
347,-12.379,-11.287,-12.885,-23.166,-15.885,-8.992,-16.046,-15.286,-9.578,-9.963,-10.537,-9.049,-17.850,-16.671,-9.031,-15.877,-16.933,-8.361
348,-12.416,-11.409,-12.835,-23.160,-16.262,-9.030,-16.062,-15.378,-9.581,-10.040,-10.570,-9.098,-17.487,-15.926,-8.988,-14.888,-16.099,-8.347
349,-12.570,-11.576,-12.734,-22.430,-16.702,-9.064,-16.106,-15.509,-9.582,-10.148,-10.590,-9.121,-17.392,-15.589,-8.932,-13.900,-15.129,-8.339
350,-12.905,-11.786,-12.617,-20.898,-17.209,-9.084,-16.138,-15.856,-9.582,-10.327,-10.717,-9.125,-17.474,-15.559,-8.863,-12.864,-14.044,-8.374
351,-13.059,-11.987,-12.541,-19.751,-17.857,-9.095,-16.203,-16.751,-9.582,-10.495,-11.060,-9.125,-17.532,-15.906,-8.807,-12.128,-13.107,-8.437
352,-13.097,-12.220,-12.500,-18.786,-18.937,-9.130,-16.374,-17.432,-9.581,-10.681,-11.479,-9.126,-17.486,-16.166,-8.768,-11.509,-12.448,-8.494
353,-13.173,-12.628,-12.437,-17.879,-19.659,-9.179,-16.764,-17.827,-9.577,-10.958,-11.797,-9.130,-17.350,-16.747,-8.745,-11.147,-11.939,-8.536
354,-13.292,-12.771,-12.326,-17.174,-20.617,-9.220,-17.208,-18.617,-9.559,-11.387,-12.339,-9.148,-17.119,-17.710,-8.723,-11.085,-11.793,-8.575
355,-13.383,-12.814,-12.238,-16.537,-21.740,-9.259,-17.830,-19.761,-9.529,-12.080,-13.312,-9.179,-17.093,-18.472,-8.692,-11.338,-11.770,-8.616
356,-13.459,-13.032,-12.187,-16.005,-22.679,-9.296,-18.540,-21.312,-9.510,-12.844,-14.711,-9.202,-17.360,-19.442,-8.678,-11.742,-11.711,-8.673
357,-13.519,-13.537,-12.143,-15.575,-22.983,-9.331,-19.607,-23.004,-9.506,-14.150,-15.871,-9.225,-18.112,-21.182,-8.692,-12.862,-11.652,-8.741
358,-13.537,-14.061,-12.078,-15.165,-22.666,-9.358,-21.065,-23.130,-9.506,-15.910,-16.184,-9.263,-19.507,-23.511,-8.722,-14.523,-11.638,-8.802
359,-13.568,-14.420,-11.974,-14.799,-21.761,-9.399,-23.186,-22.207,-9.505,-18.318,-16.213,-9.314,-21.077,-25.094,-8.741,-15.819,-11.684,-8.858
